smiles,PCBA-1030,PCBA-1461,PCBA-1468,PCBA-1688,PCBA-2546,PCBA-2551,PCBA-504332,PCBA-504339,PCBA-504444,PCBA-504467,PCBA-540276,PCBA-588855,PCBA-624288,PCBA-624296,PCBA-624417,PCBA-651635,PCBA-686970,PCBA-686978,PCBA-686979,PCBA-720504,PCBA-720579,PCBA-720580,PCBA-883,PCBA-884,PCBA-891,PCBA-938
O=C(NC(Nc1ccc(F)cc1)(C(F)(F)F)C(F)(F)F)c1cccnc1,0.0,0.0,0.0,0.0,0.0,0.0,0.0,0.0,0.0,0.0,,0.0,0.0,0.0,0.0,0.0,0.0,0.0,0.0,0.0,0.0,0.0,,,,
CCC1CN2CCC1CC2[C@@H](NC(=S)Nc1cc(C(F)(F)F)cc(C(F)(F)F)c1)c1cccc2ccc(OC)cc12,0.0,,,,0.0,0.0,,,,,,,,,,,,,,,,,,,,
CC(NC(=O)NNC(=O)c1ccncc1)(C(F)(F)F)C(F)(F)F,0.0,0.0,0.0,0.0,0.0,0.0,0.0,0.0,,0.0,0.0,0.0,0.0,0.0,0.0,0.0,0.0,0.0,0.0,0.0,0.0,0.0,,,,
CCC(NC(=O)NCc1ccccc1)(C(F)(F)F)C(F)(F)F,0.0,0.0,,0.0,0.0,0.0,0.0,0.0,0.0,0.0,0.0,0.0,0.0,0.0,,0.0,0.0,0.0,0.0,0.0,0.0,0.0,,,,
OC(c1ccccc1)(c1nc(/C=C/c2ccc(C(F)(F)F)cc2)cs1)C(F)(F)F,,,,,,,,,,,,,,,1.0,0.0,,1.0,,0.0,0.0,0.0,,,,
O=C(Nc1ccccc1)Nc1cc(OCC(F)(F)F)cc(OCC(F)(F)F)c1,0.0,,1.0,,1.0,,0.0,0.0,,,,,1.0,1.0,1.0,0.0,1.0,1.0,1.0,0.0,,,,,,
CCOc1ccc(NC(=O)Nc2cc(OCC(F)(F)F)cc(OCC(F)(F)F)c2)cc1,0.0,0.0,0.0,0.0,0.0,,0.0,0.0,,,,0.0,0.0,,,0.0,0.0,1.0,1.0,0.0,0.0,0.0,,,,
O=C(NC1CCC(NC(=O)C(F)(F)C(F)F)CC1)C(F)(F)C(F)F,0.0,0.0,0.0,0.0,0.0,0.0,0.0,0.0,,0.0,0.0,0.0,0.0,0.0,0.0,0.0,0.0,0.0,0.0,0.0,,,,,,0.0
CCOC(=O)c1cn(-c2ccc(F)c(F)c2)c2c(F)c(F)c(F)c(F)c2c1=O,0.0,0.0,0.0,,0.0,0.0,0.0,,,0.0,0.0,,,,,,,,,,,,,,,
O=C(Nc1cc(C(F)(F)F)ccc1N1CCOCC1)c1c(F)c(F)c(F)c(F)c1F,0.0,0.0,0.0,0.0,0.0,,0.0,0.0,0.0,0.0,0.0,0.0,0.0,,0.0,0.0,0.0,,,1.0,0.0,0.0,,,,0.0
Cc1nn(CCc2nn[nH]n2)c2nc(C(F)(F)F)cc(C(F)(F)F)c12,,0.0,0.0,0.0,0.0,0.0,,0.0,0.0,,0.0,0.0,0.0,0.0,0.0,0.0,0.0,0.0,0.0,0.0,,0.0,,,,0.0
O=C(c1csnn1)N1CCC2(CC1)CN(Cc1cc(C(F)(F)F)cc(C(F)(F)F)c1)C2,0.0,,,,0.0,0.0,0.0,,,,,,,,,,,0.0,0.0,,,,0.0,0.0,1.0,0.0
COc1ccc(NC(=O)NC(C(F)(F)F)C(F)(F)F)cc1,0.0,0.0,0.0,0.0,0.0,0.0,0.0,0.0,,0.0,0.0,0.0,0.0,0.0,0.0,0.0,0.0,,0.0,0.0,,0.0,,,,0.0
COC(=O)N1CCC2(CCCN(Cc3cc(C(F)(F)F)cc(C(F)(F)F)c3)C2)CC1,,,,,0.0,0.0,0.0,,,,,,,,,,,0.0,0.0,,,,0.0,0.0,0.0,0.0
CCC(=O)NC(Nc1sc2c(c1C(=O)OC)CCCC2)(C(F)(F)F)C(F)(F)F,0.0,0.0,0.0,0.0,0.0,0.0,0.0,0.0,0.0,0.0,0.0,0.0,0.0,0.0,0.0,0.0,0.0,0.0,0.0,0.0,,,,,,
CCc1ccc(/C=N/NC(=O)C(F)(F)C(F)(F)C(F)(F)C(F)(F)C(F)(F)C(F)(F)F)cc1,0.0,0.0,0.0,0.0,0.0,0.0,0.0,0.0,0.0,0.0,0.0,0.0,0.0,0.0,0.0,0.0,0.0,0.0,0.0,0.0,0.0,0.0,,,,
O=C(NC(NNc1ccc([N+](=O)[O-])cc1)(C(F)(F)F)C(F)(F)F)c1ccc(F)cc1,,0.0,0.0,0.0,,,1.0,,,0.0,0.0,,0.0,,,0.0,0.0,1.0,1.0,0.0,0.0,0.0,,,,
Cc1sc2ncnc(N3CCC(C(=O)Nc4cc(C(F)(F)F)ccc4OCC(F)(F)F)CC3)c2c1C,,,,,,,,0.0,0.0,,,,0.0,0.0,,0.0,0.0,1.0,,0.0,,,,,,
Cc1ccc(/C=N\NC(=O)c2cc(OCC(F)(F)F)ccc2OCC(F)(F)F)cc1,0.0,0.0,0.0,0.0,,,0.0,0.0,,0.0,,,0.0,0.0,0.0,0.0,,0.0,0.0,0.0,,0.0,,,,
COc1ccc(C(N)=O)cc1NC(=O)CC(O)(C(F)(F)F)C(F)(F)F,0.0,0.0,0.0,0.0,0.0,0.0,0.0,0.0,0.0,0.0,0.0,0.0,0.0,0.0,0.0,0.0,0.0,,1.0,0.0,0.0,0.0,,,,0.0
FC(F)(F)c1cccc(Sc2cc(C(F)(F)F)nc(-c3ccccn3)n2)c1,,,,0.0,0.0,0.0,,0.0,0.0,,,0.0,0.0,0.0,0.0,0.0,0.0,1.0,1.0,0.0,,,,,,
O=c1[nH]c(=O)n(Cc2ccco2)c2c1C(C(F)(F)F)(C(F)(F)F)N=C(c1ccc(F)cc1)N2,,0.0,0.0,1.0,0.0,0.0,,0.0,1.0,0.0,,,,0.0,0.0,,,1.0,1.0,0.0,,,,,,
O=C(NCC(F)(F)F)Nc1nnc(C(F)(F)F)s1,0.0,0.0,0.0,,0.0,0.0,0.0,0.0,,1.0,0.0,,0.0,0.0,0.0,0.0,,0.0,0.0,0.0,,0.0,,,,
CC(C)CC(=O)NCCNC(=O)c1cc(OCC(F)(F)F)ccc1OCC(F)(F)F,0.0,0.0,0.0,0.0,0.0,0.0,0.0,0.0,0.0,0.0,0.0,0.0,0.0,0.0,0.0,0.0,0.0,0.0,0.0,0.0,,0.0,,,,
O=C(Nc1ccc(F)cc1F)c1ccc(COc2c(F)c(F)cc(F)c2F)o1,0.0,0.0,0.0,0.0,0.0,0.0,0.0,0.0,0.0,0.0,0.0,0.0,0.0,0.0,0.0,0.0,,0.0,0.0,0.0,0.0,0.0,,,,
Cc1ccc(C(=O)N2C3C=CC(C3)C2(C(F)(F)F)C(F)(F)F)cc1,0.0,0.0,0.0,,0.0,,0.0,0.0,0.0,0.0,,,0.0,0.0,0.0,0.0,0.0,0.0,0.0,0.0,,0.0,,,,
FC(F)(F)Oc1ccc(NC(=S)Nc2ccc(OC(F)(F)F)cc2)cc1,,0.0,,0.0,,,,0.0,,,,,0.0,0.0,,,0.0,1.0,1.0,0.0,,,,,,
O=C(NCCCCNC(=O)C(F)(F)F)C(F)(F)F,,0.0,0.0,0.0,0.0,0.0,0.0,0.0,,,0.0,0.0,0.0,0.0,0.0,0.0,0.0,0.0,0.0,0.0,0.0,0.0,,,,
COc1ccc(-c2cc(C(F)(F)F)n3nc(C(=O)Nc4cc(C(F)(F)F)ccc4Cl)cc3n2)cc1OC,,,0.0,,,,0.0,0.0,0.0,,0.0,0.0,,,0.0,0.0,,,0.0,,0.0,0.0,,,,
NC1=NC[C@@H](Cc2ccc(O)cc2)N1CCc1cc(C(F)(F)F)cc(C(F)(F)F)c1,,0.0,0.0,0.0,0.0,0.0,0.0,0.0,0.0,0.0,,0.0,0.0,0.0,0.0,0.0,0.0,1.0,,0.0,0.0,0.0,,,,
Cc1cnc(C(=O)N2CCN(S(=O)(=O)c3cc(C(F)(F)F)cc(C(F)(F)F)c3)CC2)cn1,,,,,,,,0.0,0.0,,,,0.0,0.0,0.0,0.0,0.0,,0.0,0.0,,,,,,
N#Cc1cccc(NC(=O)N2CCCC3(CCN(C(=O)c4cc(C(F)(F)F)cc(C(F)(F)F)c4)CC3)C2)c1,0.0,,,,0.0,0.0,0.0,,,,,,,,,,,,0.0,,,,0.0,1.0,0.0,0.0
Cn1nc(C(F)(F)F)c2cc(C(=O)Nc3ccc(C(F)(F)F)cc3)sc21,,,1.0,0.0,0.0,0.0,,0.0,1.0,,,0.0,0.0,,,,,1.0,,0.0,0.0,0.0,,,,
O=C(CC(O)(C(F)(F)F)C(F)(F)F)Nc1ccc(Cl)c(Cl)c1,0.0,1.0,0.0,1.0,1.0,1.0,0.0,0.0,1.0,1.0,1.0,,1.0,1.0,0.0,,,1.0,1.0,0.0,,,,,,
CC1(Cc2cc(Cl)ccc2C(F)(F)F)C(=O)Nc2ccc(OC(F)(F)F)cc21,,,,,,,,,,,,,,,,,,1.0,1.0,0.0,0.0,0.0,,,,
OC(c1cc(C(F)(F)F)nc2c(C(F)(F)F)cccc12)C1CCCCN1,,,,,,,0.0,0.0,0.0,,,,0.0,,,1.0,1.0,1.0,0.0,0.0,,,,,,
Cc1cc(C(F)(F)F)n(-c2nc(-c3nnc(SCc4ccc(C(F)(F)F)cc4)n3C)cs2)n1,0.0,0.0,0.0,0.0,0.0,0.0,,0.0,0.0,0.0,0.0,0.0,0.0,0.0,0.0,0.0,0.0,0.0,0.0,0.0,0.0,0.0,,,,
CCOC(=O)C1(C(F)(F)F)N=C(C(F)(F)F)Nc2ccc(F)cc21,0.0,0.0,0.0,0.0,0.0,0.0,0.0,0.0,0.0,0.0,,0.0,0.0,0.0,0.0,0.0,0.0,0.0,0.0,0.0,0.0,0.0,,,,
COc1ccc(/C=N\NC(=O)c2cc(OCC(F)(F)F)ccc2OCC(F)(F)F)cc1,0.0,0.0,0.0,0.0,,,0.0,0.0,0.0,0.0,,0.0,0.0,0.0,,,0.0,,,0.0,0.0,0.0,,,,
O=C(c1cc(C(F)(F)F)cc(C(F)(F)F)c1)N1CCC[C@@]2(CCN(c3ccncc3)C2)C1,0.0,,,,0.0,0.0,0.0,,,,,,,,,,,,0.0,,,,0.0,1.0,0.0,
O=C(Nc1c(F)cc(F)cc1Br)c1cc2nc(C(F)F)cc(C(F)F)n2n1,0.0,0.0,0.0,0.0,0.0,0.0,,0.0,,0.0,0.0,0.0,0.0,0.0,,0.0,0.0,,0.0,0.0,,0.0,,,,0.0
CC1(Cc2ccc(C(F)(F)F)o2)C(=O)Nc2ccc(-c3cccc(C(F)(F)F)c3)cc21,,,,,,,,,,,,1.0,,,1.0,0.0,,1.0,1.0,0.0,,,,,,
C[C@H](CO)N1C[C@H](C)[C@@H](CN(C)C(=O)Nc2ccc(C(F)(F)F)cc2)Oc2ccc(NC(=O)CCC(F)(F)F)cc2C1=O,,,,,,,,0.0,0.0,0.0,,0.0,0.0,0.0,0.0,0.0,0.0,0.0,0.0,0.0,0.0,0.0,,,,
O=C(/C=C/Nc1ccccc1OC(F)(F)F)C(F)(F)F,0.0,0.0,0.0,0.0,0.0,0.0,0.0,0.0,,0.0,0.0,0.0,0.0,0.0,0.0,0.0,0.0,0.0,0.0,0.0,,0.0,,,,
N#CC1=C(N)N(c2ccc(F)cc2F)C2=C(CCCC2)C1(C(F)(F)F)C(F)(F)F,0.0,0.0,0.0,0.0,0.0,,0.0,0.0,0.0,0.0,,0.0,0.0,1.0,,0.0,0.0,,,0.0,0.0,0.0,,,,
O=C(c1cc(C(F)(F)F)cc(C(F)(F)F)c1)N1CCC2(CC1)CCN(c1ccccc1)CC2,0.0,,,,0.0,0.0,0.0,,,,,,,,,,,0.0,0.0,,,,0.0,0.0,0.0,
O=C(c1ccco1)N1CCC2(CCN(Cc3cc(C(F)(F)F)cc(C(F)(F)F)c3)CC2)CC1,,,,,0.0,0.0,0.0,,,,,,,,,,,,,,,,0.0,0.0,1.0,
N#Cc1ccc(C2=NC(C(F)(F)F)(C(F)(F)F)c3c(n(Cc4ccco4)c(=O)[nH]c3=O)N2)cc1,0.0,0.0,0.0,,,1.0,,0.0,0.0,,0.0,0.0,0.0,0.0,0.0,,0.0,0.0,0.0,0.0,,,,,,
O=C(c1csnn1)N1CCC2(CCCN(Cc3cc(C(F)(F)F)cc(C(F)(F)F)c3)C2)CC1,0.0,,,,0.0,0.0,0.0,,,,,,,,,,,0.0,0.0,,,,,1.0,0.0,0.0
O=C(c1ccc(-c2cccc(C(F)(F)F)c2)o1)N1CCCC(C(F)(F)F)C1,,,,,,,,0.0,0.0,0.0,,0.0,0.0,0.0,,0.0,0.0,,,0.0,0.0,0.0,,,,
COc1ccc(C2=NC(C(F)(F)F)(C(F)(F)F)c3c(n(C)c(=O)n(C)c3=O)N2)cc1,0.0,0.0,0.0,0.0,0.0,0.0,0.0,0.0,,0.0,,,0.0,,0.0,0.0,0.0,1.0,1.0,0.0,,,,,,
O=C(Cc1ccccc1)NC(NNc1ccccc1)(C(F)(F)F)C(F)(F)F,0.0,0.0,0.0,0.0,0.0,0.0,1.0,,0.0,0.0,0.0,0.0,0.0,0.0,,0.0,0.0,,,1.0,,,,,,
O=C(NNC(=O)c1cc(OCC(F)(F)F)ccc1OCC(F)(F)F)c1cccc(C(F)(F)F)c1,0.0,0.0,,,,,0.0,0.0,,0.0,0.0,,0.0,,,0.0,0.0,,0.0,0.0,,0.0,,,,
COc1ccc(CNC(NC(=O)c2ccccc2)(C(F)(F)F)C(F)(F)F)cc1,0.0,0.0,0.0,0.0,1.0,,0.0,0.0,0.0,0.0,0.0,0.0,0.0,0.0,,0.0,0.0,,,0.0,0.0,0.0,,,,
FC(F)(F)c1cccc(-c2noc(-c3cc(-c4ccccc4)c(C(F)(F)F)s3)n2)c1,0.0,,0.0,,0.0,0.0,,,,,,,,,,,,,,,,,,0.0,,0.0
Cc1ccc(Cl)cc1-c1cc(C(=O)NCc2cc(C(F)(F)F)cc(C(F)(F)F)c2)[nH]n1,,,,,,,,,,,,1.0,,,,,,1.0,,0.0,0.0,,,,,
O=C(c1ccncc1)N1CCC2(CC1)CN(Cc1cc(C(F)(F)F)cc(C(F)(F)F)c1)C2,0.0,,,,0.0,0.0,0.0,,,,,,,,,,,0.0,,,,,0.0,1.0,,0.0
CC1(Cc2cc(Cl)ccc2C(F)(F)F)C(=O)Nc2cc(C(F)(F)F)ccc21,,,,,,,,,,,,,,,,,,1.0,1.0,0.0,0.0,0.0,,,,
COC(=O)C1(C(F)(F)F)N=C(C(F)(F)F)Nc2ccc(Cl)cc21,0.0,0.0,0.0,0.0,0.0,0.0,0.0,0.0,0.0,0.0,0.0,,0.0,0.0,0.0,,0.0,0.0,0.0,0.0,0.0,0.0,,,,
CCC(=O)NC(Nc1cccc(C)n1)(C(F)(F)F)C(F)(F)F,0.0,0.0,0.0,0.0,0.0,0.0,0.0,0.0,0.0,0.0,,0.0,0.0,0.0,0.0,0.0,0.0,0.0,0.0,0.0,0.0,0.0,,,,0.0
FC(F)(F)c1cc(CO[C@H]2CCCN[C@H]2c2ccccc2)cc(C(F)(F)F)c1,0.0,,0.0,,,,0.0,,,,1.0,,,,,,,,,,,,,,,
CCSc1nnc(NC(NC(C)=O)(C(F)(F)F)C(F)(F)F)s1,0.0,0.0,0.0,0.0,0.0,0.0,0.0,0.0,0.0,0.0,,0.0,0.0,0.0,0.0,0.0,0.0,0.0,0.0,0.0,0.0,0.0,,,,
Cc1[nH]c2ccc(F)cc2c(=O)c1SC(F)(F)C(F)C(F)(F)F,0.0,0.0,0.0,0.0,0.0,0.0,1.0,0.0,,,0.0,0.0,0.0,0.0,,0.0,0.0,,,0.0,,,,,,
N/C(=N\S(=O)(=O)c1cc(C(F)(F)F)cc(C(F)(F)F)c1)c1cccs1,0.0,,,0.0,0.0,0.0,,0.0,1.0,0.0,,1.0,0.0,,,,0.0,,,0.0,,,,,,
Cc1[nH]c2ccc(F)cc2c(=O)c1SC(F)(F)[C@@H](F)C(F)(F)F,,,,,,,,,,,0.0,,,,,,,,,,,,,,,
COC1=C(C(=O)c2ccccc2)C(=O)C2(CC=C(C)C)C[C@H](C(=O)OCC(F)(F)F)C(C)(C)[C@@]1(CC=C(C)C)C2=O,0.0,,0.0,,0.0,0.0,,,,,,,,,,,,,,,,,,,,
O=C1NN=C(C(F)(F)F)/C1=C/NCc1cccc(C(F)(F)F)c1,0.0,0.0,0.0,0.0,0.0,0.0,0.0,0.0,0.0,0.0,0.0,0.0,0.0,,0.0,0.0,0.0,0.0,0.0,0.0,0.0,0.0,,,,
FC(F)(F)c1cc(C(F)(F)F)c2ccc(N3CCN(c4ccc(Cl)cc4)CC3)nc2n1,0.0,0.0,0.0,0.0,0.0,0.0,0.0,0.0,0.0,0.0,0.0,0.0,0.0,0.0,0.0,,0.0,0.0,0.0,0.0,,,,,,
CCOC(=O)Cc1csc(NC(NC(=O)CC)(C(F)(F)F)C(F)(F)F)n1,0.0,0.0,0.0,0.0,0.0,0.0,0.0,0.0,,0.0,0.0,0.0,0.0,0.0,0.0,0.0,0.0,0.0,0.0,0.0,,0.0,,,,0.0
O=C(NC(=O)c1ccccc1)Nc1ccc(-n2nc(C(F)(F)F)cc2C(F)(F)F)cc1,,,0.0,,,,0.0,0.0,0.0,,0.0,0.0,,,0.0,,,0.0,0.0,,0.0,0.0,,,,
NC1=NC[C@H](Cc2ccc(O)cc2)N1CCc1cc(C(F)(F)F)cc(C(F)(F)F)c1,,0.0,0.0,0.0,0.0,0.0,0.0,0.0,0.0,0.0,,1.0,0.0,0.0,0.0,0.0,0.0,,,0.0,0.0,0.0,,,,
COc1cccc(NC(=O)COc2c(F)c(F)c(C(F)(F)F)c(F)c2F)c1,0.0,0.0,0.0,0.0,0.0,0.0,0.0,0.0,0.0,0.0,0.0,0.0,0.0,0.0,,0.0,0.0,0.0,0.0,0.0,0.0,0.0,,,,
O[C@@H](c1cc(C(F)(F)F)nc2c(C(F)(F)F)cccc12)[C@H]1CCCCN1,,,,,0.0,0.0,0.0,0.0,0.0,,,1.0,,,,,,1.0,1.0,,,,,,,
COc1ccc(Cl)cc1-c1cc(C(=O)NCc2cc(C(F)(F)F)cc(C(F)(F)F)c2)[nH]n1,,,,,,,,,,,,0.0,,,,0.0,1.0,1.0,,0.0,0.0,0.0,,,,
CC(=O)N(C)c1ccc(C(O)(C(F)(F)F)C(F)(F)F)cc1,0.0,0.0,0.0,0.0,0.0,1.0,0.0,0.0,0.0,0.0,0.0,0.0,0.0,0.0,0.0,0.0,0.0,,0.0,0.0,0.0,0.0,,,,
CC(C)(OC(=O)NC(=O)C(F)(F)F)C(C)(C)OC(=O)NC(=O)C(F)(F)F,0.0,0.0,0.0,0.0,0.0,0.0,,0.0,0.0,0.0,,0.0,0.0,0.0,0.0,0.0,0.0,0.0,0.0,0.0,0.0,0.0,,,,
CCOC(=O)C1(C(F)(F)F)N=C(C(F)(F)F)Nc2cc(C)c(C)cc21,0.0,0.0,0.0,0.0,0.0,0.0,,0.0,0.0,0.0,,0.0,0.0,0.0,,0.0,0.0,0.0,0.0,0.0,0.0,0.0,,,,
O=C(O)COCC(=O)Nc1cc(C(F)(F)F)cc(C(F)(F)F)c1,,0.0,0.0,0.0,0.0,0.0,0.0,0.0,0.0,0.0,,0.0,0.0,0.0,0.0,0.0,0.0,0.0,0.0,0.0,,,,,,
COC(=O)C1=C(c2ccc(OC(F)(F)F)cc2)C[C@@H]2CC[C@H]1N2C(=O)NCc1cc(C)oc1C(F)(F)F,,,,,,,0.0,0.0,,0.0,,,0.0,0.0,0.0,0.0,0.0,1.0,,0.0,,,,,,
COc1ccc([C@H]2CC(=O)C=C(c3ccc(C(F)(F)F)c(C(F)(F)F)c3)C2)cc1OC,,,,,,,0.0,0.0,,,,0.0,0.0,0.0,0.0,0.0,0.0,,,0.0,,,,,,
O=C(c1ccco1)N1C2C=CC(C2)C1(C(F)(F)F)C(F)(F)F,0.0,0.0,0.0,0.0,0.0,0.0,0.0,0.0,0.0,0.0,0.0,0.0,0.0,0.0,0.0,0.0,0.0,0.0,0.0,0.0,0.0,0.0,,,,0.0
O=C(c1cc(C(F)(F)F)cc(C(F)(F)F)c1)N1CCC2(CCCN(c3ccccc3)C2)CC1,0.0,,,,0.0,,0.0,,,,,,,,,,,0.0,0.0,,,,0.0,1.0,0.0,0.0
FC(F)(F)c1ccc(CN2C[C@@H]3C(c4ccc(C(F)(F)F)cc4)C4(c5cccnc5)CC3(C4)[C@H]2c2ccccc2)cc1,0.0,0.0,0.0,0.0,0.0,0.0,0.0,0.0,0.0,0.0,,0.0,0.0,0.0,0.0,,0.0,1.0,1.0,0.0,0.0,0.0,,,,
CC(NC(=O)Nc1ncccn1)(C(F)(F)F)C(F)(F)F,0.0,0.0,0.0,0.0,0.0,0.0,0.0,0.0,0.0,0.0,0.0,0.0,0.0,0.0,0.0,0.0,0.0,0.0,0.0,0.0,0.0,0.0,,,,
CCC(NC(=O)NCc1cccnc1)(C(F)(F)F)C(F)(F)F,0.0,0.0,0.0,0.0,0.0,,0.0,0.0,,0.0,0.0,0.0,0.0,0.0,0.0,0.0,0.0,0.0,0.0,0.0,,0.0,,,,0.0
FC(F)(F)c1cccc(NC(=S)N2CCN(c3cccc(C(F)(F)F)c3)CC2)c1,0.0,0.0,0.0,0.0,0.0,1.0,0.0,0.0,,0.0,,0.0,0.0,,,0.0,0.0,1.0,,0.0,0.0,0.0,,,,
CN(c1ccc(OCC(=O)OCC(=O)Nc2c(F)c(F)c(F)c(F)c2F)cc1)S(=O)(=O)c1ccc(F)cc1,0.0,0.0,0.0,0.0,0.0,0.0,0.0,0.0,0.0,0.0,0.0,0.0,0.0,0.0,0.0,0.0,0.0,0.0,0.0,0.0,0.0,0.0,,,,
N#Cc1ccc(-c2nc3c(Cl)cc(C(F)(F)F)cn3c2Cc2ccccc2C(F)(F)F)cc1,,,,,,,,,,,,,,,0.0,0.0,0.0,0.0,0.0,0.0,0.0,0.0,,,,
Cc1ccc(-c2nc3c(Cl)cc(C(F)(F)F)cn3c2Cc2ccccc2C(F)(F)F)cc1,,,,,,,,,,,,,,,0.0,0.0,0.0,0.0,0.0,0.0,0.0,0.0,,,,
CC1(C(=O)Nc2cccc(C(F)(F)F)c2)Cc2c(-c3cccc(C(F)(F)F)c3)ccnc2O1,,,,,,,,,,,,,,,,0.0,,,,0.0,0.0,0.0,,,,
Cn1nc(C(F)(F)F)cc1Oc1ncc(C(F)(F)F)cc1Cl,0.0,0.0,0.0,0.0,0.0,0.0,0.0,0.0,0.0,0.0,0.0,0.0,,0.0,0.0,,0.0,0.0,0.0,0.0,0.0,0.0,,,,
CC(NC(=O)N(Cc1ccccc1)Cc1ccc2c(c1)OCO2)(C(F)(F)F)C(F)(F)F,,0.0,0.0,0.0,0.0,0.0,0.0,0.0,,0.0,,0.0,0.0,,0.0,0.0,0.0,0.0,0.0,0.0,,,,,,
Fc1ccc(Cn2c(SCc3ccc(F)c(F)c3)nnc2C(F)(F)F)cc1,0.0,0.0,0.0,0.0,,0.0,0.0,0.0,,0.0,0.0,0.0,0.0,,,0.0,,,,0.0,,,,,,
Fc1ccc(Cn2c(SCc3ccc(F)c(C(F)(F)F)c3)nnc2C(F)(F)F)cc1,0.0,,0.0,0.0,0.0,,0.0,0.0,,0.0,,,0.0,0.0,0.0,0.0,0.0,,,0.0,,,,,,
O=c1[nH]c(=O)n(Cc2ccco2)c2c1C(C(F)(F)F)(C(F)(F)F)N=C(c1ccco1)N2,0.0,0.0,0.0,0.0,0.0,0.0,1.0,0.0,0.0,,0.0,0.0,,0.0,0.0,0.0,0.0,,0.0,0.0,,,,,,
FC(F)(F)c1ccc(Cl)c(NC(=S)N/N=C/c2ccccc2C(F)(F)F)c1,0.0,0.0,0.0,0.0,1.0,1.0,0.0,0.0,0.0,0.0,0.0,0.0,0.0,0.0,0.0,0.0,0.0,,,0.0,0.0,0.0,,,,
N#CC(c1cccc(C(F)(F)F)c1)(c1ncc(C(F)(F)F)cc1Cl)N1CCOCC1,0.0,0.0,0.0,0.0,,,0.0,0.0,0.0,0.0,0.0,0.0,0.0,0.0,0.0,0.0,0.0,0.0,0.0,0.0,,,,,,
CC1=C(C#N)C(C(F)(F)F)(C(F)(F)F)N=C(c2ccco2)N1,0.0,0.0,0.0,,0.0,0.0,0.0,0.0,0.0,0.0,,0.0,,0.0,0.0,0.0,0.0,1.0,,0.0,0.0,0.0,,,,0.0
O=C(NC(NCc1ccccn1)(C(F)(F)F)C(F)(F)F)c1ccco1,0.0,0.0,0.0,0.0,0.0,1.0,0.0,1.0,,0.0,0.0,0.0,0.0,0.0,0.0,0.0,,0.0,0.0,0.0,,,,,,0.0
COc1ccc(C(C)C)cc1-c1cc(C(=O)NCc2cc(C(F)(F)F)cc(C(F)(F)F)c2)[nH]n1,,,,,,,,,,,,0.0,,,0.0,0.0,0.0,0.0,,0.0,0.0,0.0,,,,
O=C(N/N=C/c1ccc(OCCCF)cc1)c1cc(OCC(F)(F)F)ccc1OCC(F)(F)F,0.0,0.0,0.0,0.0,,0.0,0.0,0.0,,0.0,0.0,0.0,0.0,0.0,0.0,0.0,0.0,0.0,0.0,0.0,,0.0,,,,
CC(=O)O/N=C(\N)c1cnn2c(C(F)(F)F)cc(C(F)(F)F)nc12,0.0,0.0,0.0,0.0,0.0,0.0,0.0,0.0,0.0,0.0,,0.0,0.0,0.0,0.0,0.0,0.0,0.0,0.0,0.0,,,,,,
FC(F)(F)c1ccc(Sc2n[nH]c(C(F)(F)F)n2)nc1,0.0,0.0,0.0,0.0,0.0,0.0,,0.0,,0.0,0.0,0.0,0.0,0.0,0.0,0.0,0.0,1.0,,0.0,0.0,0.0,,,,
Cc1c(F)c(F)c(COC(=O)C2C(/C=C(\Cl)C(F)(F)F)C2(C)C)c(F)c1F,,,,,0.0,0.0,,,,,,,,,,,,,,,,,,,,
O=C(O)CONC(=O)c1cc(OCC(F)(F)F)ccc1OCC(F)(F)F,0.0,0.0,0.0,0.0,0.0,0.0,0.0,,0.0,0.0,0.0,0.0,0.0,0.0,0.0,0.0,0.0,0.0,0.0,0.0,,,,,,
CNC(=O)Nc1cc(C(F)(F)F)cc(C(F)(F)F)c1,0.0,0.0,,0.0,0.0,0.0,0.0,0.0,0.0,0.0,0.0,0.0,0.0,0.0,0.0,0.0,0.0,0.0,0.0,0.0,,0.0,,,,
O=C(O)CSC(NC(=O)c1cccnc1)(C(F)(F)F)C(F)(F)F,0.0,0.0,0.0,0.0,0.0,0.0,1.0,1.0,0.0,0.0,,0.0,0.0,0.0,0.0,0.0,0.0,0.0,0.0,0.0,0.0,0.0,,,,0.0
NC(=O)c1ncc(C(F)(F)F)cc1Oc1cccc(C(F)(F)F)c1,0.0,0.0,0.0,0.0,0.0,0.0,0.0,0.0,,0.0,0.0,0.0,0.0,0.0,,0.0,0.0,,0.0,0.0,,0.0,,,,
CCn1cc(/C=N/NC(=O)C(F)(F)C(F)(F)C(F)(F)C(F)(F)C(F)(F)C(F)(F)F)c(C)n1,0.0,0.0,0.0,0.0,1.0,1.0,0.0,0.0,0.0,0.0,0.0,0.0,0.0,0.0,0.0,0.0,0.0,0.0,0.0,0.0,,,,,,
CC(=O)NC(N1CCCCC1)C(F)(F)C(F)(F)C(F)(F)C(F)F,0.0,0.0,0.0,0.0,0.0,0.0,0.0,0.0,,0.0,0.0,0.0,0.0,0.0,0.0,0.0,0.0,0.0,0.0,0.0,,,,,,0.0
O=C(CCSCCC(=O)Nc1c(F)c(F)c(F)c(F)c1F)Nc1c(F)c(F)c(F)c(F)c1F,0.0,0.0,0.0,0.0,0.0,0.0,0.0,0.0,,0.0,,0.0,0.0,0.0,,0.0,0.0,,0.0,0.0,0.0,0.0,,,,
O=C1NCCN1CCNS(=O)(=O)c1cc(C(F)(F)F)cc(C(F)(F)F)c1,,,,,0.0,0.0,0.0,0.0,0.0,0.0,,0.0,0.0,0.0,0.0,0.0,0.0,0.0,0.0,0.0,,,,,,
FC(F)(F)c1cc(CN2CC3(CCNCC3)C2)cc(C(F)(F)F)c1,0.0,,,,0.0,0.0,0.0,,,,,,,,,,,1.0,1.0,,,,0.0,0.0,0.0,
Fc1nc(F)c(F)c(NCCCNc2c(F)c(F)nc(F)c2F)c1F,0.0,0.0,,,,0.0,0.0,0.0,,,,,0.0,,,0.0,,,,0.0,,,,,,
O=C(CCc1nnc(Cc2cccc(C(F)(F)F)c2)o1)NCC(F)(F)F,0.0,0.0,0.0,0.0,0.0,0.0,0.0,0.0,,0.0,0.0,0.0,0.0,0.0,0.0,0.0,0.0,0.0,0.0,0.0,0.0,0.0,,,,
CCN(CC)P(=O)(C(NC(=O)OC)C(F)(F)C(F)(F)C(F)(F)C(F)F)N(CC)CC,0.0,0.0,0.0,0.0,0.0,0.0,,0.0,0.0,0.0,,0.0,0.0,0.0,0.0,0.0,0.0,0.0,0.0,0.0,0.0,0.0,,,,0.0
O=C(OC(c1ccc(NS(=O)(=O)c2ccccc2)cc1)(C(F)(F)F)C(F)(F)F)c1ccc([N+](=O)[O-])cc1,0.0,,0.0,0.0,,0.0,,,,0.0,,,0.0,,1.0,0.0,1.0,,1.0,0.0,0.0,0.0,,,,
FC(F)(F)C(F)(F)C(F)(F)C(F)(F)C(F)(F)C(F)(F)C(F)(F)C(F)(F)Br,,,,0.0,0.0,0.0,0.0,,,,,,,0.0,,,,0.0,0.0,,,,,,,
CCOC(=O)/C(=C\Nc1ccc(OC(F)(F)F)cc1)Sc1ncc(C(F)(F)F)cc1Cl,0.0,0.0,0.0,0.0,0.0,0.0,0.0,0.0,,,0.0,0.0,0.0,0.0,,0.0,0.0,1.0,1.0,0.0,,0.0,,,,
O=C(O)c1cn(-c2ccc(F)c(F)c2)c2c(F)c(F)c(F)c(F)c2c1=O,,0.0,0.0,,0.0,0.0,0.0,0.0,,0.0,0.0,0.0,0.0,0.0,0.0,0.0,0.0,1.0,1.0,0.0,0.0,0.0,,,,
Cn1nc(C(F)(F)F)c(C(=O)Nc2cccc(C(F)(F)F)c2)c1SCc1ccc(Cl)cc1,0.0,,0.0,1.0,,0.0,0.0,0.0,,0.0,,0.0,0.0,,0.0,,,,1.0,0.0,,,,,,
O=C(NCCO)C(F)(F)C(F)(F)C(F)(F)OC(F)(C(=O)NCCO)C(F)(F)F,0.0,0.0,0.0,0.0,0.0,0.0,0.0,0.0,0.0,0.0,0.0,0.0,0.0,0.0,0.0,0.0,0.0,0.0,0.0,0.0,0.0,0.0,,,,
O=C1CC(C(F)(F)C(F)(F)C(F)(F)F)=Nc2ccccc2N1,0.0,0.0,0.0,0.0,0.0,0.0,0.0,0.0,0.0,0.0,0.0,0.0,0.0,0.0,,0.0,0.0,0.0,0.0,0.0,,,,,,
CC(C)(C)Nc1nc(OCC(F)(F)F)nc(OCC(F)(F)F)n1,0.0,0.0,0.0,0.0,0.0,,0.0,0.0,0.0,0.0,0.0,0.0,0.0,0.0,0.0,0.0,0.0,0.0,0.0,0.0,0.0,0.0,,,,0.0
Nc1ncnc2c1ncn2[C@@H]1O[C@H](C(=O)Nc2cc(C(F)(F)F)cc(C(F)(F)F)c2)[C@@H](O)[C@H]1O,,,,,,,,,,,,,,,0.0,,0.0,,0.0,0.0,0.0,0.0,,,,
O=C(c1ccc(Cl)cc1)N1C2C=CC(C2)C1(C(F)(F)F)C(F)(F)F,0.0,0.0,0.0,0.0,0.0,0.0,0.0,0.0,0.0,0.0,0.0,0.0,0.0,0.0,0.0,0.0,0.0,,0.0,0.0,0.0,0.0,,,,
O=C(NCc1nc(-c2ccc(C(F)(F)F)cc2)no1)Nc1ccc(OC(F)(F)F)cc1,,0.0,1.0,0.0,,0.0,,0.0,,0.0,,1.0,0.0,,1.0,,1.0,1.0,,0.0,,,,,,
O=C(c1cccc(F)c1)N1C2C=CC(C2)C1(C(F)(F)F)C(F)(F)F,0.0,0.0,0.0,0.0,0.0,0.0,0.0,0.0,0.0,0.0,0.0,0.0,0.0,0.0,,0.0,0.0,0.0,0.0,0.0,,0.0,,,,0.0
CN(C)S(=O)(=O)NCCNC(=O)c1cc(OCC(F)(F)F)ccc1OCC(F)(F)F,0.0,0.0,0.0,0.0,0.0,0.0,0.0,0.0,0.0,0.0,,0.0,0.0,0.0,0.0,0.0,0.0,0.0,0.0,0.0,0.0,0.0,,,,
O=C(O)CSc1nnc(Cc2cccc3ccccc23)n1-c1cc(C(F)(F)F)cc(C(F)(F)F)c1,,0.0,0.0,0.0,0.0,0.0,,0.0,0.0,0.0,,0.0,0.0,0.0,,0.0,0.0,0.0,0.0,0.0,,,,,,
CC(Oc1cc(C(F)(F)F)cc(C(F)(F)F)c1)C(=O)NC(N)=O,0.0,0.0,0.0,0.0,0.0,0.0,0.0,0.0,0.0,,0.0,0.0,0.0,0.0,,0.0,0.0,0.0,0.0,0.0,0.0,0.0,,,,0.0
CCn1c(C)nc2cc(S(=O)(=O)C(F)(F)C(F)C(F)(F)F)ccc21,0.0,0.0,0.0,1.0,1.0,0.0,,0.0,,1.0,0.0,,0.0,0.0,0.0,0.0,0.0,1.0,1.0,0.0,0.0,0.0,,,,0.0
O=C(NCCCCc1ccccc1)C1CC(c2cc(C(F)(F)F)cc(C(F)(F)F)c2)=NO1,,0.0,0.0,0.0,0.0,0.0,0.0,0.0,0.0,0.0,,0.0,0.0,,0.0,0.0,0.0,0.0,0.0,0.0,0.0,0.0,,,,
CC(ON1CC1(C(F)(F)F)C(F)(F)F)(C(N)=O)C(N)=O,0.0,0.0,0.0,0.0,0.0,0.0,0.0,0.0,0.0,0.0,,0.0,0.0,0.0,0.0,0.0,0.0,0.0,0.0,0.0,0.0,0.0,,,,
Nc1ccc(-c2ccc(N)cc2C(F)(F)F)c(C(F)(F)F)c1,0.0,0.0,0.0,0.0,0.0,0.0,0.0,0.0,,0.0,0.0,0.0,0.0,0.0,,0.0,,0.0,0.0,0.0,,,,,,0.0
NNc1ccc2nnc(C(F)(F)C(F)(F)C(F)(F)F)n2n1,0.0,0.0,0.0,0.0,0.0,0.0,0.0,0.0,0.0,0.0,,0.0,0.0,0.0,0.0,0.0,0.0,0.0,0.0,0.0,,0.0,,,,
CNc1ccc2nnc(C(F)(F)C(F)(F)C(F)(F)F)n2n1,0.0,0.0,0.0,0.0,0.0,0.0,,0.0,0.0,0.0,0.0,0.0,0.0,0.0,0.0,0.0,0.0,0.0,0.0,0.0,0.0,0.0,,,,
O=C(O)CCC(=O)Nc1cc(C(F)(F)F)cc(C(F)(F)F)c1,0.0,0.0,0.0,0.0,0.0,0.0,,0.0,0.0,0.0,,0.0,0.0,0.0,0.0,0.0,0.0,0.0,0.0,0.0,,,,,,
CCC(NC(=O)Nn1cnnc1)(C(F)(F)F)C(F)(F)F,0.0,0.0,0.0,0.0,0.0,0.0,0.0,0.0,0.0,0.0,0.0,0.0,0.0,0.0,0.0,0.0,0.0,0.0,0.0,0.0,,,,,,
O=C(/C(=C/Nc1cccc(C(F)(F)F)c1)C(=O)C(F)(F)F)c1ccco1,,0.0,0.0,0.0,0.0,,,0.0,0.0,,,0.0,0.0,0.0,0.0,0.0,0.0,0.0,0.0,0.0,0.0,0.0,,,,
C[C@]12C[C@@](C)(C=C1/C=C/c1ccc(C(F)(F)F)cc1)C(=O)C[C@H]2c1ccc(C(F)(F)F)cc1,0.0,,0.0,,0.0,0.0,,,,,,,,,,,,,,,,,,,,
Cc1cc(C(F)(F)F)nn1-c1nc(-c2ccccc2)cc(C(F)(F)F)n1,,,,,,,0.0,0.0,0.0,,0.0,0.0,,,,0.0,,,,,0.0,0.0,,,,
COc1ccc(-c2cc(C(F)(F)F)nc(-n3nc(C(F)(F)F)cc3C)n2)cc1,,,,,,,0.0,0.0,0.0,,0.0,,,,,0.0,,1.0,1.0,,0.0,0.0,,,,
CCCCn1nc2cc(C(=O)NCc3ccc(C(F)(F)F)cc3C(F)(F)F)ccc2c1OCC,,0.0,0.0,0.0,0.0,0.0,0.0,0.0,,0.0,0.0,0.0,0.0,0.0,,0.0,0.0,,,0.0,0.0,,,,,
COc1ccc(NC(=O)NC(C)(C(F)(F)F)C(F)(F)F)cc1,0.0,0.0,0.0,0.0,0.0,0.0,0.0,1.0,0.0,0.0,0.0,0.0,0.0,0.0,,0.0,0.0,1.0,,1.0,0.0,0.0,,,,
O=S(=O)([O-])C(F)(F)C(F)(F)C(F)(F)C(F)(F)F,,,,,,,,,,,,,,,,,,0.0,0.0,,,,,,,
CCOC(=O)c1c(N)sc(C(O)(C(F)(F)F)C(F)(F)F)c1-c1ccccc1,0.0,0.0,0.0,0.0,,0.0,0.0,,0.0,,0.0,0.0,0.0,,,,0.0,,,1.0,,,,,,
O=C(c1cc(C(F)(F)F)cc(C(F)(F)F)c1)N1CCC2(CC1)CCN(c1ncccn1)CC2,0.0,,,,0.0,0.0,0.0,,,,,,,,,,,,,,,,0.0,0.0,0.0,0.0
N#Cc1nn(-c2c(Cl)cc(C(F)(F)F)cc2Cl)c(N)c1S(=O)C(F)(F)F,0.0,,0.0,0.0,1.0,0.0,0.0,,,,,,,0.0,,,,1.0,1.0,,0.0,0.0,,,,
O=C(Cn1nc(C(F)(F)F)c2c1CCC2)Nc1ccccc1C(F)(F)F,0.0,0.0,0.0,0.0,0.0,0.0,0.0,0.0,0.0,0.0,0.0,0.0,0.0,0.0,,0.0,0.0,0.0,0.0,0.0,0.0,0.0,,,,
Cc1c(NC(=O)CC(O)(C(F)(F)F)C(F)(F)F)c(=O)n(-c2ccccc2)n1C,0.0,0.0,0.0,0.0,0.0,0.0,0.0,0.0,0.0,0.0,0.0,0.0,0.0,0.0,0.0,0.0,0.0,0.0,0.0,0.0,0.0,0.0,,,,0.0
O=C(Nc1cccc(C(F)(F)F)c1)c1cc2c(=O)c3ccccc3oc2nc1C(F)(F)F,0.0,,,0.0,0.0,0.0,0.0,0.0,,0.0,,0.0,0.0,0.0,0.0,0.0,0.0,1.0,,0.0,,,,,,
O=C(c1cccc(C(F)(F)F)c1)N1CCOC12CCN(c1ncc(C(F)(F)F)cc1Cl)CC2,0.0,,0.0,,0.0,,0.0,0.0,1.0,,,,0.0,0.0,,0.0,0.0,1.0,1.0,0.0,,,,,,
CC(C)COC(=O)N(C)c1ccc(C(O)(C(F)(F)F)C(F)(F)F)cc1,0.0,0.0,0.0,0.0,,0.0,0.0,0.0,,0.0,0.0,,0.0,,1.0,0.0,,,1.0,0.0,,,,,,0.0
CC1(C(=O)NCCC(F)(F)F)Cc2c(-c3cccc(C(F)(F)F)c3)ccnc2O1,,,,,,,,,,,,0.0,,,,0.0,1.0,1.0,1.0,0.0,0.0,0.0,,,,
CSc1nn2c(C(F)(F)F)cc(C(F)(F)F)nc2c1C(=O)O,,0.0,0.0,0.0,0.0,0.0,,0.0,0.0,0.0,,0.0,0.0,0.0,0.0,0.0,0.0,0.0,0.0,0.0,0.0,0.0,,,,
COc1cccc2c(=O)c(SC(F)(F)C(F)C(F)(F)F)c(C)[nH]c12,,0.0,0.0,0.0,0.0,0.0,,0.0,0.0,0.0,0.0,0.0,0.0,,0.0,,,1.0,,0.0,,,,,,
O=C(NCCCCO)C(F)(F)C(F)(F)C(F)(F)C(=O)NCCCCO,0.0,0.0,0.0,0.0,0.0,0.0,0.0,0.0,0.0,0.0,,0.0,0.0,0.0,0.0,0.0,0.0,0.0,0.0,1.0,0.0,0.0,,,,0.0
COc1ccc(C(=O)N2CCC3(CCCN(Cc4cc(C(F)(F)F)cc(C(F)(F)F)c4)C3)CC2)cc1,0.0,,,,0.0,0.0,0.0,,,,,,,,,,,,1.0,,,,0.0,1.0,0.0,0.0
O=C(NC(NNc1ccc([N+](=O)[O-])cc1)(C(F)(F)F)C(F)(F)F)c1ccc(Cl)cc1,,,0.0,,,1.0,1.0,,,0.0,,,,1.0,,0.0,0.0,1.0,,0.0,0.0,0.0,,,,
[N-]=[N+]=NC(c1ccccc1)C(NC(=O)c1cc(C(F)(F)F)cc(C(F)(F)F)c1)c1ccccc1,,,,,,,,,,,,,,,,,,1.0,,0.0,0.0,0.0,,,,
CCCn1c(=O)[nH]c(=O)c2c1nc(-c1ccc(OC(F)(F)C(F)C(F)(F)F)cc1)n2CCOC,,0.0,0.0,0.0,0.0,0.0,1.0,0.0,0.0,,0.0,0.0,0.0,0.0,0.0,0.0,0.0,1.0,,0.0,,0.0,,,,
O=c1c(-c2ncc(C(F)(F)F)cc2Cl)c[nH]c2ccc(C(F)(F)F)cc12,0.0,0.0,0.0,0.0,0.0,,0.0,0.0,0.0,0.0,0.0,0.0,0.0,,,0.0,0.0,,,1.0,0.0,0.0,,,,
CCC(C(=O)Nc1ncccn1)(C(F)(F)F)C(F)(F)F,0.0,0.0,0.0,0.0,0.0,0.0,0.0,0.0,0.0,0.0,0.0,0.0,0.0,0.0,0.0,0.0,0.0,0.0,0.0,0.0,,0.0,,,,0.0
O=C(Nc1nccs1)NC(C(F)(F)F)C(F)(F)F,0.0,0.0,0.0,0.0,0.0,0.0,0.0,0.0,0.0,0.0,0.0,,0.0,0.0,0.0,0.0,0.0,,0.0,0.0,,0.0,,,,
CCOC(=O)C(NC(=O)CC)(Nc1ccc(C(O)(C(=O)OCC)C(F)(F)F)cc1C)C(F)(F)F,0.0,0.0,0.0,0.0,0.0,0.0,0.0,0.0,0.0,0.0,0.0,0.0,0.0,0.0,0.0,0.0,0.0,0.0,0.0,0.0,,,,,,
Cc1cc(C(F)(F)F)n2nc(-c3cnn(C)c3C(F)(F)F)c(Cl)c2n1,0.0,0.0,0.0,0.0,0.0,0.0,0.0,0.0,0.0,0.0,0.0,0.0,0.0,0.0,0.0,,0.0,0.0,0.0,0.0,,,,,,
O=C(c1ccc(C(F)(F)F)cc1)N1CCC(=O)N([C@H](COCc2ccc(C(F)(F)F)cc2)Cc2ccccc2)CC1,0.0,,0.0,,0.0,,0.0,,,,,,,,,,,,1.0,0.0,0.0,0.0,,,,
CCOC(=O)c1cn(-c2ccc(F)c(F)c2F)c2c(F)c(F)c(F)cc2c1=O,0.0,0.0,0.0,0.0,0.0,0.0,0.0,0.0,0.0,0.0,0.0,0.0,0.0,0.0,0.0,0.0,0.0,,,0.0,,,,,,
O=C(Nc1cccnc1)C1(F)C(F)(F)C(F)(F)C(F)(F)C(F)(F)C1(F)F,0.0,,0.0,1.0,0.0,0.0,1.0,1.0,,0.0,,0.0,0.0,0.0,0.0,0.0,0.0,,,0.0,,0.0,,,,0.0
CCC(C(=O)Nc1ncn[nH]1)(C(F)(F)F)C(F)(F)F,0.0,0.0,0.0,0.0,0.0,0.0,0.0,0.0,0.0,0.0,0.0,0.0,0.0,0.0,0.0,0.0,0.0,0.0,0.0,0.0,0.0,0.0,,,,
CCCC(=O)NC(Nc1ccc(S(=O)(=O)Nc2cc(C)on2)cc1)(C(F)(F)F)C(F)(F)F,,,,,,,,0.0,0.0,,0.0,,0.0,0.0,0.0,,0.0,0.0,0.0,0.0,0.0,0.0,,,,
CCC/C=C(\CCC)C(NC(=O)c1ccc(C(F)(F)F)cc1)c1ccc(C(F)(F)F)cc1,0.0,,0.0,,0.0,0.0,,,,,,,,,,,,,,,,,0.0,,0.0,0.0
CCOC(=O)C1(C(F)(F)F)N=C(C(F)(F)F)Nc2ccccc21,0.0,0.0,0.0,0.0,0.0,0.0,0.0,0.0,0.0,0.0,0.0,0.0,0.0,0.0,0.0,0.0,0.0,0.0,0.0,0.0,0.0,0.0,,,,
O=C(c1cccc(C(F)(F)F)c1)N1CCc2c([nH]c3ccccc23)C1C(F)(F)F,0.0,0.0,0.0,0.0,0.0,0.0,0.0,0.0,,0.0,,,0.0,,,,,,,0.0,0.0,0.0,,,,
CC(NC(=O)Nn1cnnc1)(C(F)(F)F)C(F)(F)F,0.0,0.0,0.0,0.0,0.0,0.0,0.0,0.0,0.0,0.0,0.0,0.0,0.0,0.0,0.0,0.0,0.0,0.0,0.0,0.0,0.0,0.0,,,,
Oc1ccc(C[C@@H]2CNCCN2CCc2cc(C(F)(F)F)cc(C(F)(F)F)c2)cc1,,,,,,,0.0,0.0,,0.0,,,0.0,,,,,,1.0,0.0,1.0,1.0,,,,
CC1=CSC2=NC(C(F)(F)F)(C(F)(F)F)NC(=O)N12,0.0,0.0,0.0,0.0,0.0,0.0,0.0,0.0,0.0,0.0,,0.0,0.0,0.0,0.0,0.0,0.0,0.0,0.0,0.0,,,,,,
Cc1cc(OCC(F)(F)C(F)(F)C(F)(F)C(F)(F)C(F)(F)C(F)F)nc(N)n1,0.0,0.0,0.0,0.0,,,0.0,0.0,0.0,0.0,,0.0,0.0,0.0,,,0.0,,0.0,0.0,0.0,0.0,,,,
Cn1c2c(c(=O)n(C)c1=O)C(C(F)(F)F)(C(F)(F)F)N=C(c1ccc(Cl)cc1)N2,0.0,0.0,0.0,1.0,1.0,1.0,0.0,0.0,1.0,1.0,1.0,1.0,1.0,,,,,1.0,1.0,0.0,,,,,,
O=C(c1cc(C(F)(F)F)cc(C(F)(F)F)c1)N1CCC2(CCCN(Cc3ccncc3)C2)CC1,0.0,,,,0.0,0.0,0.0,,,,,,,,,,,,,,,,,,0.0,0.0
Fc1c(F)c(C(F)(F)F)c(F)c(F)c1N1CCN(c2ccc3nnc(C(F)(F)F)n3n2)CC1,0.0,0.0,0.0,0.0,0.0,0.0,0.0,0.0,,0.0,0.0,0.0,0.0,0.0,0.0,0.0,0.0,1.0,,0.0,,0.0,,,,0.0
CCCCn1nc2cc(C(=O)NCc3cc(C(F)(F)F)cc(C(F)(F)F)c3)ccc2c1OC,,,0.0,0.0,0.0,0.0,0.0,0.0,,,,,0.0,0.0,0.0,0.0,0.0,0.0,0.0,0.0,0.0,0.0,,,,
CCOc1c2ccc(C(=O)NCc3ccc(C(F)(F)F)cc3C(F)(F)F)cc2nn1C,,0.0,,0.0,,,0.0,0.0,,,,,0.0,0.0,,0.0,0.0,0.0,0.0,0.0,0.0,0.0,,,,
CCOc1c2ccc(C(=O)NCc3cc(C(F)(F)F)cc(C(F)(F)F)c3)cc2nn1C,,0.0,0.0,0.0,,,0.0,0.0,0.0,0.0,0.0,,0.0,0.0,,,0.0,0.0,0.0,0.0,0.0,0.0,,,,
COc1c2ccc(C(=O)NCc3cc(C(F)(F)F)cc(C(F)(F)F)c3)cc2nn1C,,0.0,0.0,0.0,,0.0,0.0,0.0,0.0,0.0,0.0,0.0,0.0,0.0,,,0.0,0.0,0.0,0.0,0.0,0.0,,,,
CC(C)OC(=O)/C=C1\C[C@@H](c2ccccc2C(F)(F)F)O[C@@H](c2ccccc2C(F)(F)F)O1,,,,,,,,,,,,,,,0.0,,0.0,1.0,,0.0,0.0,0.0,,,,
O=C(Cc1ccsc1)N1CCN(S(=O)(=O)c2cc(C(F)(F)F)cc(C(F)(F)F)c2)CC1,,,,,0.0,0.0,,0.0,0.0,0.0,0.0,0.0,0.0,,0.0,0.0,0.0,0.0,0.0,0.0,0.0,0.0,,,,
O=C(Nc1cc(C(F)(F)F)cc(C(F)(F)F)c1)Nc1cnn(-c2ccc([N+](=O)[O-])cc2)c1C(F)(F)F,,,,0.0,0.0,0.0,0.0,0.0,0.0,,,0.0,0.0,,0.0,0.0,,1.0,1.0,0.0,0.0,0.0,,,,
O=C(c1cc(C(F)(F)F)cc(C(F)(F)F)c1)N1CCC2(CCCN(c3ncccn3)C2)CC1,0.0,,,,,,0.0,,,,,,,,,,,,,,,,0.0,,,
O=c1[nH]c(=O)n(Cc2ccco2)c2c1C(C(F)(F)F)(C(F)(F)F)N=C(C1CCCCC1)N2,,0.0,0.0,0.0,0.0,0.0,0.0,0.0,0.0,0.0,0.0,0.0,0.0,0.0,0.0,,0.0,0.0,,0.0,,,,,,0.0
FC(F)(F)c1ccc(CN2C[C@@H]3C(c4ccc(C(F)(F)F)cc4)C4(c5ccccc5)CC3(C4)[C@H]2c2ccccc2)cc1,0.0,,0.0,,0.0,0.0,,,,,,,,,,,,,,,,,,,,
COc1ccc(-c2nc3c(Cl)cc(C(F)(F)F)cn3c2Cc2ccccc2C(F)(F)F)cc1OC,,,,,,,,,,,,,,,0.0,0.0,0.0,0.0,0.0,0.0,0.0,0.0,,,,
Cc1[nH]c2ccccc2c(=O)c1SC(F)(F)C(F)C(F)(F)F,0.0,0.0,0.0,0.0,0.0,0.0,0.0,0.0,0.0,0.0,0.0,0.0,0.0,0.0,0.0,0.0,0.0,,0.0,0.0,,0.0,,,,
CC(=O)NC(Nc1nc2c(s1)CCCC2)(C(F)(F)F)C(F)(F)F,0.0,0.0,0.0,0.0,0.0,0.0,1.0,0.0,0.0,0.0,,0.0,0.0,0.0,0.0,0.0,0.0,0.0,0.0,,0.0,0.0,,,,
O=C(Nc1ccc(F)cc1)Nc1cc(OCC(F)(F)F)cc(OCC(F)(F)F)c1,0.0,1.0,1.0,1.0,1.0,,0.0,0.0,,0.0,1.0,1.0,0.0,,,,1.0,1.0,1.0,0.0,1.0,,,,,
O=C(Nc1ccccn1)C(F)(F)C(F)(F)C(F)(F)C(F)(F)C(=O)Nc1ccccn1,0.0,0.0,0.0,0.0,0.0,0.0,0.0,,0.0,0.0,0.0,0.0,,0.0,0.0,0.0,0.0,,0.0,0.0,0.0,0.0,,,,
O=S(=O)(Nc1ccc(C(O)(C(F)(F)F)C(F)(F)F)cc1)c1cccc2ccccc12,,,,,,,,,,,,,,,,1.0,,1.0,1.0,0.0,0.0,0.0,,,,
Fc1nc(N2CCCC2)c(F)c(Oc2ccccc2Oc2c(F)c(F)nc(N3CCCC3)c2F)c1F,0.0,0.0,0.0,0.0,0.0,0.0,0.0,0.0,0.0,0.0,0.0,0.0,0.0,0.0,0.0,,0.0,0.0,0.0,0.0,0.0,0.0,,,,
O=c1[nH]cc(COCC(F)(F)C(F)(F)C(F)(F)F)c(=O)[nH]1,0.0,0.0,0.0,0.0,0.0,0.0,,0.0,0.0,0.0,0.0,0.0,0.0,0.0,0.0,0.0,0.0,0.0,0.0,0.0,0.0,0.0,,,,
O=C(CN1CCN(Cc2cccc(C(F)(F)F)c2)CC1)NCC(=O)Nc1ccc(F)c(F)c1F,,,,,,,,0.0,0.0,,0.0,0.0,0.0,0.0,,0.0,0.0,,,0.0,0.0,0.0,,,,
Cn1c2c(c(=O)n(C)c1=O)C(C(F)(F)F)(C(F)(F)F)N=C(c1ccccc1Cl)N2,0.0,0.0,0.0,,0.0,0.0,,0.0,0.0,,,0.0,,0.0,0.0,0.0,0.0,,1.0,0.0,,,,,,
O=C(Nc1ccc(OC(F)(F)C(F)F)c(NC(=O)c2ccc(F)cc2)c1)c1ccc(F)cc1,,,,,,,,0.0,0.0,,,,0.0,,0.0,0.0,0.0,0.0,0.0,0.0,,,,,,
FC(F)(F)c1cc(NC(=S)Nc2ccc3cc4ccccc4cc3c2)cc(C(F)(F)F)c1,0.0,,0.0,,0.0,0.0,,,,,,,,,,,,,,,,,,,,
O=S(=O)(c1ccc(C(F)(F)F)cc1)N1CCCN(c2ccc(C(F)(F)F)cn2)CC1,,0.0,0.0,0.0,0.0,0.0,,0.0,0.0,,0.0,,0.0,,,0.0,0.0,,0.0,0.0,0.0,0.0,,,,
CCOC(=O)/C(=C\Nc1ccccc1C(F)(F)F)Sc1ncc(C(F)(F)F)cc1Cl,0.0,,0.0,0.0,0.0,0.0,0.0,0.0,,0.0,0.0,0.0,0.0,0.0,0.0,0.0,0.0,,,0.0,,0.0,,,,
O=c1cc(C(F)(F)F)[nH]c2c(C(F)(F)F)cccc12,,0.0,0.0,1.0,,,0.0,0.0,1.0,0.0,,,,,,,,1.0,1.0,0.0,,1.0,,,,
CC(=O)Nc1ccc(OC(F)(F)C(F)C(F)(F)F)c(NC(C)=O)c1,0.0,0.0,0.0,0.0,0.0,0.0,0.0,0.0,0.0,0.0,0.0,0.0,0.0,0.0,0.0,0.0,0.0,0.0,0.0,0.0,,,,,,0.0
CC(=O)Nc1ccc(C(O)(C(F)(F)F)C(F)(F)F)cc1,0.0,0.0,0.0,0.0,0.0,,0.0,0.0,0.0,0.0,0.0,0.0,0.0,0.0,0.0,0.0,0.0,0.0,0.0,0.0,0.0,0.0,,,,
CC(C)(C)NC(=O)C1C(c2ccc(C(F)(F)F)cc2)=Nc2ccccc2N1C(=O)c1cccc(C(F)(F)F)c1,,,,,,,,,,,,,,,,,0.0,,,0.0,,0.0,,,,
O=S(=O)(NCc1ccccn1)c1cc(OCC(F)(F)F)ccc1OCC(F)(F)F,,0.0,0.0,0.0,0.0,,,0.0,0.0,0.0,0.0,0.0,0.0,0.0,0.0,0.0,0.0,0.0,0.0,0.0,,,,,,
O=C(Nc1ccc(F)cc1F)c1c(C(F)(F)F)ccnc1Oc1cccc(C(F)(F)F)c1,0.0,0.0,0.0,0.0,0.0,0.0,0.0,0.0,0.0,0.0,0.0,,0.0,,,0.0,0.0,0.0,0.0,0.0,0.0,0.0,,,,
O=C(NC(Nc1nc2ccccc2s1)(C(F)(F)F)C(F)(F)F)c1ccccc1,,0.0,0.0,0.0,0.0,0.0,0.0,0.0,0.0,0.0,0.0,0.0,0.0,0.0,0.0,0.0,0.0,0.0,0.0,0.0,,,,,,
O=C(CCCC(=O)OCC(F)(F)C(F)F)Nc1ccc(NC(=O)CCCC(=O)OCC(F)(F)C(F)F)cc1,0.0,0.0,0.0,0.0,0.0,0.0,0.0,0.0,0.0,0.0,0.0,0.0,0.0,0.0,0.0,0.0,0.0,,0.0,0.0,0.0,0.0,,,,
Cc1nn(C)cc1/C=N/NC(=O)C(F)(F)C(F)(F)C(F)(F)C(F)(F)C(F)(F)C(F)(F)F,0.0,0.0,0.0,0.0,1.0,1.0,0.0,0.0,0.0,0.0,0.0,0.0,0.0,0.0,0.0,0.0,0.0,0.0,0.0,0.0,0.0,0.0,,,,
O=C(OC1CCN(c2ncc(C(F)(F)F)cc2Cl)CC1)c1cccc(C(F)(F)F)c1,,0.0,0.0,0.0,0.0,0.0,,0.0,0.0,0.0,0.0,0.0,0.0,0.0,0.0,0.0,0.0,0.0,0.0,0.0,,,,,,
CCCCOC(=O)NC(NCC(O)c1ccccc1)(C(F)(F)F)C(F)(F)F,0.0,0.0,0.0,0.0,0.0,0.0,,0.0,,,,0.0,0.0,0.0,0.0,0.0,0.0,,,0.0,0.0,0.0,,,,
O=C(/C=C/c1cccc(C(F)(F)F)c1)Nc1cccc(C(F)(F)F)c1,0.0,,0.0,0.0,,,0.0,0.0,,0.0,,,0.0,0.0,0.0,,1.0,1.0,1.0,0.0,,,,,,
CN(C(=O)c1cc2nc(-c3ccc4c(c3)OCO4)cc(C(F)(F)F)n2n1)c1ccc(OC(F)(F)F)cc1,,,0.0,,,,0.0,0.0,0.0,,0.0,0.0,,,0.0,0.0,,0.0,0.0,,0.0,0.0,,,,
Cc1cc(C(F)(F)F)nc(NNc2nc(C)cc(C(F)(F)F)n2)n1,,,,,,,,,,,,0.0,,,0.0,0.0,0.0,,0.0,0.0,0.0,0.0,,,,
CC(O)(CS(=O)(=O)c1cccc(C(F)(F)F)c1)C(=O)Nc1ccc(C(F)(F)F)cc1,0.0,0.0,0.0,0.0,0.0,0.0,0.0,0.0,0.0,0.0,,,0.0,0.0,0.0,0.0,0.0,,0.0,0.0,,,,,,
Cc1nc(C(F)(F)F)ccc1C(=O)Nc1ccc(C(F)(F)F)cn1,0.0,0.0,0.0,0.0,0.0,0.0,,0.0,0.0,0.0,0.0,0.0,0.0,0.0,,0.0,0.0,0.0,0.0,0.0,0.0,0.0,,,,
O=C(O)/C=C/C(=O)Nc1ccc(SC(F)(F)C(F)(F)C(F)(F)F)cc1,1.0,0.0,0.0,0.0,0.0,0.0,0.0,0.0,,0.0,,0.0,0.0,0.0,,,0.0,0.0,0.0,,,,,,,
O=C(NNC(=O)c1cc2cc(OC(F)(F)F)ccc2[nH]1)c1cccc(C(F)(F)F)c1,,0.0,,0.0,0.0,0.0,0.0,0.0,0.0,0.0,,0.0,0.0,0.0,0.0,0.0,0.0,,,0.0,0.0,0.0,,,,
COc1ccccc1CN1CC2(CCN(C(=O)c3cc(C(F)(F)F)cc(C(F)(F)F)c3)CC2)C1,0.0,,,,0.0,0.0,0.0,,,,,,,,,,,,0.0,,,,0.0,0.0,0.0,
O=C(NC(NNc1ccc([N+](=O)[O-])cc1)(C(F)(F)F)C(F)(F)F)c1ccccc1Cl,1.0,0.0,0.0,,0.0,0.0,,,0.0,0.0,0.0,,0.0,,0.0,0.0,0.0,0.0,0.0,,,,,,,
CC12C=C(/C=C/c3ccc(C(F)(F)F)cc3)C(C)(C1)C(c1ccc(C(F)(F)F)cc1)CC2=O,0.0,,0.0,,0.0,0.0,,,,,0.0,,,,,,,,,,,,0.0,,,0.0
O=C(/C=C/Nc1ccc(Cc2ccc(N/C=C/C(=O)C(F)(F)F)cc2)cc1)C(F)(F)F,0.0,0.0,0.0,0.0,0.0,0.0,0.0,0.0,,,0.0,0.0,0.0,0.0,0.0,0.0,0.0,,0.0,0.0,0.0,0.0,,,,
O=C(O)c1ccc(OC(F)(F)C(F)C(F)(F)F)cc1,0.0,0.0,0.0,0.0,0.0,0.0,0.0,0.0,0.0,0.0,0.0,0.0,0.0,0.0,0.0,0.0,0.0,0.0,0.0,0.0,0.0,0.0,,,,0.0
O=C(Nc1cccc(C(F)(F)F)c1)N(Cc1ccc(Cl)cc1)CC(O)C(F)(F)F,0.0,0.0,0.0,0.0,,,0.0,0.0,,0.0,,,0.0,,,0.0,1.0,,,0.0,,,,,,
N#CC(c1ccccc1)c1ccc2c(C(F)(F)F)cc(C(F)(F)F)nc2n1,1.0,,,1.0,,1.0,1.0,1.0,1.0,,1.0,,0.0,,0.0,,0.0,1.0,1.0,0.0,0.0,0.0,,,,
Nc1ncnc(Nc2cc(C(F)(F)F)cc(C(F)(F)F)c2)n1,,0.0,0.0,0.0,0.0,0.0,0.0,0.0,0.0,0.0,,0.0,0.0,0.0,0.0,0.0,0.0,0.0,0.0,0.0,,,,,,
CC1(C)O[C@@H](C(O)(c2cc(C(F)(F)F)cc(C(F)(F)F)c2)c2cc(C(F)(F)F)cc(C(F)(F)F)c2)[C@H](C(O)(c2cc(C(F)(F)F)cc(C(F)(F)F)c2)c2cc(C(F)(F)F)cc(C(F)(F)F)c2)O1,,,,,,,,,,,0.0,,,,,,,,,,,,,,,
CCC(NC(=O)Nc1ncccc1C)(C(F)(F)F)C(F)(F)F,0.0,0.0,0.0,0.0,0.0,0.0,,0.0,0.0,0.0,0.0,0.0,0.0,0.0,0.0,,0.0,0.0,0.0,0.0,,0.0,,,,
O=C(CNc1cc(S(=O)(=O)N2CCCC2)ccc1OCC(F)(F)F)Nc1cccc(C(F)(F)F)c1,0.0,0.0,,0.0,,0.0,0.0,0.0,1.0,,,,0.0,0.0,,0.0,0.0,1.0,1.0,0.0,,,,,,
N#Cc1cccc(NC(=O)N2CC3(CCN(C(=O)c4cc(C(F)(F)F)cc(C(F)(F)F)c4)CC3)C2)c1,0.0,,,,0.0,0.0,0.0,,,,,,,,,,,0.0,0.0,,,,1.0,,,0.0
CCOC(=O)NC1(C(F)(F)F)NC(=O)N(c2cccc(C(F)(F)F)c2)C1=O,0.0,0.0,0.0,0.0,0.0,0.0,0.0,0.0,0.0,0.0,0.0,0.0,0.0,0.0,,0.0,0.0,0.0,0.0,0.0,0.0,0.0,,,,
O=c1c2nncn2c2cc(C(F)(F)F)ccc2n1CCNc1ncc(C(F)(F)F)cc1Cl,,0.0,0.0,0.0,0.0,0.0,0.0,0.0,0.0,0.0,0.0,0.0,0.0,0.0,0.0,0.0,0.0,1.0,,0.0,0.0,0.0,,,,
NC(=S)NNC(=O)c1cc(C(F)(F)F)cc(C(F)(F)F)c1,,0.0,0.0,0.0,0.0,,0.0,0.0,0.0,0.0,,0.0,0.0,0.0,0.0,0.0,0.0,0.0,0.0,0.0,0.0,0.0,,,,
CCCCC(=O)NCCNC(=O)c1cc(OCC(F)(F)F)ccc1OCC(F)(F)F,0.0,0.0,0.0,,0.0,0.0,0.0,0.0,0.0,0.0,0.0,0.0,0.0,0.0,0.0,0.0,0.0,0.0,0.0,0.0,,0.0,,,,
FC(F)(F)c1cc(CO[C@@H]2CCCN[C@@H]2c2ccccc2)cc(C(F)(F)F)c1,,,,,,,0.0,0.0,0.0,0.0,,,0.0,,,1.0,,1.0,,0.0,0.0,0.0,,,,
O=C(CN1CCN(c2cccc(C(F)(F)F)c2)CC1)Nc1cccc(C(F)(F)F)c1,,0.0,0.0,0.0,0.0,0.0,,1.0,0.0,0.0,0.0,,0.0,0.0,,0.0,0.0,0.0,0.0,0.0,,0.0,,,,
O=c1nc(/C=C/c2ccccc2C(F)(F)F)cc(C(F)(F)F)[nH]1,,,,,,,,0.0,0.0,0.0,,0.0,0.0,,0.0,0.0,0.0,0.0,0.0,0.0,,,,,,
O=c1[nH]c(=O)n(-c2ccc(F)cc2)c2c1C(C(F)(F)F)(C(F)(F)F)N=C(c1ccc(F)cc1)N2,0.0,0.0,0.0,1.0,1.0,0.0,0.0,0.0,1.0,,,,,,,,1.0,1.0,1.0,0.0,,,,,,
CC1(C(=O)Nc2cccc(OC(F)(F)F)c2)Cc2c(-c3cccc(C(F)(F)F)c3)ccnc2O1,,,,,,,,,,,,,,,,0.0,,,,0.0,0.0,0.0,,,,
O=C(c1cc(C(F)(F)F)cc(C(F)(F)F)c1)N1CCC2(CC1)CCN(c1ccncc1)CC2,0.0,,,,0.0,0.0,0.0,,,,,,,,,,,1.0,1.0,,,,0.0,0.0,1.0,1.0
COc1ccccc1CN1CCCC2(CCN(C(=O)c3cc(C(F)(F)F)cc(C(F)(F)F)c3)CC2)C1,0.0,,,,0.0,0.0,0.0,,,,,,,,,,,0.0,0.0,,,,0.0,1.0,0.0,0.0
CCCNc1nc(OC(C(F)(F)F)C(F)(F)F)nc(OC(C(F)(F)F)C(F)(F)F)n1,0.0,0.0,0.0,0.0,0.0,0.0,0.0,0.0,0.0,0.0,0.0,0.0,0.0,0.0,0.0,0.0,0.0,0.0,,0.0,0.0,0.0,,,,
O=C(NCCn1c(C(F)(F)F)nc2cc(C(F)(F)F)ccc21)[C@H]1CCCN1c1nc(CN2CCCCC2)cs1,,,,,0.0,0.0,1.0,0.0,0.0,0.0,,0.0,0.0,,0.0,0.0,0.0,,,0.0,0.0,0.0,,,,
Cc1ccc(-c2csc(NCCn3c(C(F)(F)F)nc4cc(C(F)(F)F)ccc43)n2)cc1,,,,,0.0,0.0,,0.0,0.0,0.0,,,0.0,0.0,0.0,0.0,0.0,,,0.0,,0.0,,,,
Cc1ccc(NC(=O)CC(O)(C(F)(F)F)C(F)(F)F)cc1,0.0,,0.0,,,0.0,0.0,0.0,0.0,,0.0,0.0,0.0,0.0,0.0,0.0,0.0,,,0.0,,,,,,
O=C1CC(c2ccc(S(=O)(=O)Nc3cc(C(F)(F)F)cc(C(F)(F)F)c3)cc2)CN1,0.0,0.0,0.0,0.0,0.0,0.0,0.0,0.0,,0.0,0.0,0.0,0.0,0.0,0.0,0.0,,0.0,0.0,0.0,,,,,,
CCOC(=O)c1nc(C)nc(Sc2n[nH]c(-c3cc(C(F)(F)F)cc(C(F)(F)F)c3)n2)c1C,,0.0,0.0,0.0,0.0,0.0,,0.0,0.0,0.0,,,0.0,1.0,,,0.0,,,0.0,,,,,,
FC(F)(F)c1cc(CCN2C(=S)NC[C@@H]2Cc2ccccc2)cc(C(F)(F)F)c1,0.0,,0.0,0.0,1.0,1.0,0.0,0.0,0.0,0.0,,,0.0,,1.0,1.0,,,,0.0,0.0,0.0,,,,
Cn1nc(C(F)(F)F)c(-c2cccc(C(F)(F)F)c2)c1NC(=O)CSCC(=O)O,,0.0,0.0,0.0,,0.0,,0.0,0.0,0.0,0.0,0.0,0.0,0.0,0.0,0.0,0.0,0.0,0.0,0.0,0.0,0.0,,,,
Cc1cccc(N/C(N)=N/c2nc(C(F)(F)F)cc(C(F)(F)F)n2)c1,0.0,0.0,0.0,0.0,0.0,0.0,0.0,0.0,0.0,0.0,,0.0,0.0,0.0,0.0,0.0,0.0,0.0,0.0,0.0,,,,,,
CCC(NC(=O)N(Cc1ccccc1)Cc1ccc2c(c1)OCO2)(C(F)(F)F)C(F)(F)F,,,0.0,0.0,0.0,0.0,0.0,0.0,0.0,0.0,,0.0,0.0,0.0,0.0,0.0,0.0,0.0,0.0,0.0,,,,,,
Nc1cc(N)c(OCC(F)(F)F)cc1OCC(F)(F)F,0.0,0.0,1.0,0.0,0.0,0.0,1.0,,0.0,0.0,0.0,,0.0,0.0,0.0,0.0,0.0,1.0,1.0,,,0.0,,,,0.0
CC1(C)OC(C(O)(c2cc(C(F)(F)F)cc(C(F)(F)F)c2)c2cc(C(F)(F)F)cc(C(F)(F)F)c2)C(C(O)(c2cc(C(F)(F)F)cc(C(F)(F)F)c2)c2cc(C(F)(F)F)cc(C(F)(F)F)c2)O1,0.0,,0.0,,0.0,0.0,,,,,,,,,,,,,,,,,0.0,0.0,0.0,0.0
O=C(CN1CCCC1)Nc1cc(C(F)(F)F)cc(C(F)(F)F)c1,,0.0,0.0,0.0,0.0,0.0,0.0,0.0,0.0,0.0,0.0,0.0,0.0,0.0,,0.0,,0.0,0.0,0.0,,0.0,,,,
COC(=O)c1cccc(C23CC4(C2)[C@H](CN(Cc2ccc(C(F)(F)F)cc2)[C@@H]4c2ccccc2)C3c2ccc(C(F)(F)F)cc2)c1,0.0,0.0,0.0,0.0,0.0,0.0,0.0,0.0,,0.0,,0.0,0.0,0.0,0.0,0.0,0.0,,,0.0,0.0,0.0,,,,
Cn1nc(C(F)(F)F)c(C#N)c1N1CCN(c2cccc(C(F)(F)F)c2)CC1,0.0,0.0,0.0,0.0,0.0,0.0,0.0,0.0,0.0,,,0.0,0.0,0.0,0.0,0.0,0.0,,,0.0,0.0,0.0,,,,
COCC(=O)N1CCC2(CCCN(Cc3cc(C(F)(F)F)cc(C(F)(F)F)c3)C2)CC1,0.0,,,,0.0,0.0,0.0,,,,,,,,,,,,0.0,,,,0.0,1.0,0.0,0.0
FC(F)(F)c1cccc(Cn2nnnc2-c2cccc(C(F)(F)F)c2)c1,0.0,0.0,0.0,0.0,0.0,0.0,0.0,0.0,,0.0,0.0,0.0,,,0.0,0.0,0.0,0.0,0.0,0.0,,,,,,
O=C(Nc1cc(C(F)(F)F)ccc1O)Nc1cc(C(F)(F)F)ccc1O,,,,,,0.0,,,,,,,,,,,,,,,,,,,,
Cc1ccc(C2=NC(C(F)(F)F)(C(F)(F)F)c3c(n(-c4ccc(F)cc4)c(=O)[nH]c3=O)N2)cc1,,0.0,0.0,,0.0,,0.0,0.0,1.0,,,,0.0,,,0.0,0.0,1.0,1.0,0.0,,,,,,
O=C(O)C1=CCCN(CCOC(c2ccc(C(F)(F)F)cc2)c2ccc(C(F)(F)F)cc2)C1,0.0,,0.0,,0.0,0.0,,,,,,,,,,,,0.0,,,,,1.0,,0.0,0.0
CCCCNC(=O)c1nc(C2CCN(S(=O)(=O)c3ccccc3C(F)(F)F)CC2)oc1-c1cccc(C(F)(F)F)c1,,,,,,,,,,,,0.0,,,,0.0,,0.0,0.0,0.0,0.0,0.0,,,,
CCOc1ccccc1NC(=O)CC(O)(C(F)(F)F)C(F)(F)F,,0.0,0.0,0.0,0.0,0.0,0.0,0.0,0.0,0.0,0.0,0.0,0.0,0.0,0.0,0.0,0.0,0.0,0.0,0.0,,,,,,
CSCCC(c1nc2ccccc2[nH]1)n1c(-c2cc(C(F)(F)F)cc(C(F)(F)F)c2)nc2ccccc21,,,,,,,,,,,,,,,,,1.0,1.0,,0.0,,,,,,
FC(F)(F)c1cc(Cc2nc3ccccc3n2C(CCc2ccccc2)c2nc3ccccc3[nH]2)cc(C(F)(F)F)c1,,,,,,,,,,,,,,,0.0,,1.0,1.0,1.0,0.0,0.0,0.0,,,,
CCCCNCC(=O)N1[C@H](c2ccc(OC)cc2)[C@@H]2C(=O)N(CC)C(=O)[C@@H]2[C@]1(C)C(=O)OCCCC(F)(F)C(F)(F)C(F)(F)C(F)(F)C(F)(F)C(F)(F)C(F)(F)C(F)(F)F,,,,,0.0,0.0,0.0,0.0,0.0,0.0,,0.0,0.0,,0.0,0.0,0.0,1.0,1.0,0.0,0.0,0.0,,,,
CN1CCCC2(CCN(C(=O)c3cc(C(F)(F)F)cc(C(F)(F)F)c3)CC2)C1,0.0,,,,0.0,0.0,0.0,,,,,,,,,,,0.0,0.0,,,,0.0,,0.0,
Nc1c(C(O)(C(F)(F)F)C(F)(F)F)cc(C(O)(C(F)(F)F)C(F)(F)F)c2ccccc12,0.0,,0.0,,,,0.0,0.0,1.0,,1.0,1.0,0.0,1.0,,,1.0,,,0.0,1.0,,,,,
CC(NC(=O)CC(O)(C(F)(F)F)C(F)(F)F)c1ccccc1,0.0,0.0,0.0,0.0,0.0,0.0,,0.0,0.0,0.0,0.0,0.0,0.0,,0.0,0.0,0.0,0.0,0.0,0.0,0.0,0.0,,,,0.0
O=C(NCCN1CCC(n2c(=O)[nH]c3ccccc32)CC1)c1ccc(C(F)(F)F)cc1C(F)(F)F,,,,,,,,,,,,,,,0.0,,0.0,1.0,1.0,0.0,0.0,0.0,,,,
Cc1noc(NS(=O)(=O)c2ccc(NC(=O)NC(C)(C(F)(F)F)C(F)(F)F)cc2)c1C,,,,,0.0,0.0,0.0,0.0,0.0,0.0,,0.0,0.0,0.0,0.0,0.0,0.0,0.0,0.0,0.0,,,,,,
CCOc1ccc(-c2cc(C(=O)NCc3cc(C(F)(F)F)cc(C(F)(F)F)c3)[nH]n2)c(C)c1,,,,,,,,,,,,0.0,,,0.0,0.0,,,,0.0,0.0,0.0,,,,
CCC(NC(=O)NNC(N)=S)(C(F)(F)F)C(F)(F)F,,0.0,0.0,0.0,0.0,1.0,,0.0,0.0,0.0,,0.0,0.0,0.0,0.0,0.0,0.0,0.0,0.0,0.0,,1.0,,,,
O=C(Cc1ccccc1)NC(NCCCN1CCOCC1)(C(F)(F)F)C(F)(F)F,0.0,0.0,0.0,0.0,0.0,0.0,0.0,0.0,0.0,0.0,0.0,0.0,0.0,0.0,0.0,0.0,0.0,0.0,0.0,0.0,,0.0,,,,0.0
COc1ccc(C)cc1NC(=O)CC(O)(C(F)(F)F)C(F)(F)F,0.0,0.0,0.0,0.0,0.0,0.0,0.0,0.0,0.0,0.0,0.0,0.0,0.0,0.0,0.0,,0.0,0.0,0.0,0.0,,,,,,
CC(C)NC(=O)N1CCCC2(CCN(C(=O)c3cc(C(F)(F)F)cc(C(F)(F)F)c3)CC2)C1,0.0,,,,0.0,0.0,0.0,,,,,,,,,,,,0.0,,,,0.0,1.0,0.0,0.0
FC(F)(F)c1cccc(Oc2ccc3c(C(F)(F)F)cc(C(F)(F)F)nc3n2)c1,0.0,0.0,0.0,0.0,0.0,0.0,0.0,0.0,0.0,0.0,0.0,0.0,0.0,0.0,0.0,0.0,0.0,0.0,0.0,0.0,,,,,,
COc1cc2c(cc1NC(=O)C(F)(F)F)-c1ccc(NC(=O)C(F)(F)F)cc1C2,,,,,,,,0.0,0.0,,0.0,0.0,0.0,0.0,0.0,0.0,0.0,0.0,0.0,0.0,0.0,0.0,,,,
O=C(CN1CCN(C(=O)C2CC2)CC1)Nc1cc(C(F)(F)F)cc(C(F)(F)F)c1,,,,,,,,0.0,0.0,0.0,0.0,0.0,0.0,0.0,,0.0,0.0,,,0.0,0.0,0.0,,,,
Cc1nn(C(=O)c2c(-c3ccccc3)noc2C)c(C)c1/N=N/c1cc(C(F)(F)F)cc(C(F)(F)F)c1,,0.0,0.0,0.0,0.0,0.0,0.0,0.0,0.0,0.0,,0.0,0.0,0.0,0.0,0.0,0.0,0.0,0.0,0.0,0.0,0.0,,,,
CCCCNC(=O)c1nc(C2CCN(S(=O)(=O)c3cccc(C(F)(F)F)c3)CC2)oc1-c1cccc(C(F)(F)F)c1,,,,,,,,,,,,0.0,,,0.0,0.0,,0.0,0.0,0.0,0.0,0.0,,,,
COc1ccccc1N1CCN(S(=O)(=O)c2cc(C(F)(F)F)cc(C(F)(F)F)c2)CC1,0.0,0.0,0.0,0.0,0.0,0.0,,0.0,0.0,0.0,,0.0,0.0,0.0,0.0,0.0,0.0,,0.0,0.0,,,,,,
O=C(Cc1cc(C(F)(F)F)cc(C(F)(F)F)c1)Nc1c(-c2ccccc2)[nH][nH]c1=O,,,,,,,,,,,,,,,0.0,,0.0,0.0,0.0,0.0,,0.0,,,,
Cc1nc2c(F)c(F)c(C(F)(F)F)c(F)c2[nH]1,0.0,0.0,0.0,0.0,,0.0,0.0,0.0,,0.0,0.0,0.0,0.0,0.0,,0.0,0.0,1.0,,0.0,,,,,,0.0
CCOC(=O)NC(Nc1ccc(OC)cc1)(C(F)(F)F)C(F)(F)F,0.0,0.0,0.0,0.0,0.0,0.0,0.0,0.0,0.0,,0.0,,0.0,0.0,0.0,0.0,,0.0,0.0,0.0,0.0,0.0,,,,
CCOC(=O)NC(Nc1nnc(SCC)s1)(C(F)(F)F)C(F)(F)F,0.0,0.0,0.0,0.0,0.0,0.0,0.0,0.0,,0.0,0.0,0.0,0.0,0.0,0.0,0.0,0.0,,0.0,0.0,,0.0,,,,0.0
CCOC(=O)NC(NCC(O)c1ccccc1)(C(F)(F)F)C(F)(F)F,0.0,0.0,0.0,0.0,0.0,0.0,0.0,0.0,0.0,0.0,0.0,0.0,0.0,0.0,0.0,0.0,0.0,0.0,0.0,0.0,,,,,,
COc1ccc(-c2cc(C(F)(F)F)n3nc(C(=O)Nc4cccc(C(F)(F)F)c4)c(Br)c3n2)cc1,,,,,,,0.0,0.0,0.0,,,,,,0.0,0.0,,,1.0,,0.0,0.0,,,,
FC(F)(F)c1cc(CO[C@@H]2CCCN[C@H]2c2ccccc2)cc(C(F)(F)F)c1,,,,,,,,,,,,,,,,,,,,,,,0.0,1.0,1.0,0.0
Nc1ncc(Br)cc1S(=O)(=O)Nc1cc(C(F)(F)F)cc(C(F)(F)F)c1,,,,,1.0,0.0,,0.0,,,,1.0,0.0,,,,1.0,1.0,,1.0,,,,,,
CCOC(=O)NC(NCc1ccccc1Cl)(C(F)(F)F)C(F)(F)F,,0.0,0.0,0.0,0.0,0.0,0.0,0.0,0.0,0.0,0.0,0.0,0.0,0.0,0.0,0.0,0.0,0.0,0.0,0.0,,,,,,
O=C(c1cc(C(F)(F)F)cc(C(F)(F)F)c1)N1CCC2(CCN(Cc3nccs3)CC2)CC1,0.0,,,,0.0,0.0,0.0,,,,,,,,,,,,,,,,1.0,0.0,,0.0
CS(=O)(=O)NNC(=O)Cn1nnc(-c2cc(C(F)(F)F)cc(C(F)(F)F)c2)n1,,0.0,0.0,0.0,0.0,0.0,0.0,0.0,0.0,0.0,0.0,0.0,0.0,0.0,0.0,0.0,0.0,0.0,0.0,0.0,0.0,0.0,,,,
FC(F)OC(F)(F)C(F)Cl,,,,0.0,0.0,0.0,0.0,,,,,,,0.0,,,,0.0,0.0,,,,,,,
CCOc1ccc(C(F)(F)F)cc1NC(=O)COc1ccc(C(F)(F)F)cc1[N+](=O)[O-],0.0,0.0,0.0,0.0,0.0,0.0,0.0,0.0,0.0,0.0,0.0,0.0,0.0,0.0,0.0,0.0,0.0,0.0,0.0,0.0,0.0,0.0,,,,
O=C(NCCc1ccccn1)C(F)(F)C(F)(F)C(F)(F)C(F)(F)C(F)(F)C(F)(F)C(F)(F)C(F)F,0.0,0.0,0.0,,0.0,0.0,0.0,0.0,0.0,0.0,0.0,0.0,0.0,0.0,,0.0,0.0,0.0,0.0,0.0,0.0,0.0,,,,
O=C(Nc1ccccc1NC(=O)c1c(F)c(F)c(F)c(F)c1F)c1c(F)c(F)c(F)c(F)c1F,0.0,0.0,0.0,,0.0,0.0,0.0,0.0,0.0,0.0,,0.0,0.0,0.0,0.0,,,0.0,0.0,0.0,,,,,,0.0
O=C(COCC(=O)Nc1cccc(C(F)(F)F)c1)Nc1cccc(C(F)(F)F)c1,0.0,1.0,1.0,0.0,,1.0,0.0,0.0,,0.0,,0.0,0.0,,,0.0,,1.0,,0.0,,,,,,
CCN1CCN(Cc2ccc(NC(=O)c3ccc(C)c(NC(=O)c4c[nH]c5cc(C(F)(F)F)ccc5c4=O)c3)cc2C(F)(F)F)CC1,,,,,,,,,,,,1.0,,,1.0,1.0,1.0,1.0,1.0,0.0,,1.0,,,,
CC(C)(CC(=O)O)CC(=O)Nc1cc(C(F)(F)F)cc(C(F)(F)F)c1,,0.0,0.0,0.0,0.0,0.0,0.0,0.0,0.0,0.0,0.0,0.0,0.0,0.0,0.0,0.0,0.0,0.0,0.0,0.0,0.0,0.0,,,,
CC(C(=O)NC1=NCCS1)(C(F)(F)F)C(F)(F)F,0.0,0.0,0.0,0.0,,0.0,0.0,0.0,,0.0,0.0,0.0,0.0,,0.0,0.0,0.0,,0.0,0.0,,0.0,,,,0.0
O=C(c1cc(C(F)(F)F)cc(C(F)(F)F)c1)N1CCC2(CC1)CN(Cc1ccncc1)C2,0.0,,,,0.0,0.0,0.0,,,,,,,,,,,,0.0,,,,1.0,,0.0,0.0
O=C(Nc1cccc(C(F)(F)F)c1)c1cc2nc(-c3ccccc3)cc(C(F)(F)F)n2n1,,,0.0,,,,0.0,0.0,0.0,,,0.0,,,0.0,,,0.0,0.0,,,,,,,
CC(C)CC1=NC(C(F)(F)F)(C(F)(F)F)c2c(n(CC(C)C)c(=O)[nH]c2=O)N1,0.0,0.0,0.0,0.0,0.0,0.0,0.0,0.0,0.0,0.0,,0.0,0.0,0.0,0.0,0.0,0.0,,0.0,0.0,0.0,0.0,,,,
COc1cccc(S(=O)(=O)Nc2ccc(C(O)(C(F)(F)F)C(F)(F)F)cc2)c1,,,,,,,,,,,,,,,,,,1.0,1.0,0.0,0.0,0.0,,,,
COC(=O)c1sccc1S(=O)(=O)Nc1ccc(C(O)(C(F)(F)F)C(F)(F)F)cc1,,,,,,,,,,,,,,,,,,1.0,1.0,0.0,0.0,0.0,,,,
O=S(=O)(Nc1ccc(C(O)(C(F)(F)F)C(F)(F)F)cc1)c1cccc2cccnc12,,,,,,,,,,,,1.0,,,,,,1.0,1.0,0.0,0.0,0.0,,,,
CC(C)(C)c1ccc(S(=O)(=O)Nc2ccc(C(O)(C(F)(F)F)C(F)(F)F)cc2)cc1,,,,,,,,,,,,1.0,,,,1.0,1.0,1.0,1.0,0.0,0.0,0.0,,,,
NCCCC[C@H]1CNC(=O)C(=O)N1CCc1cc(C(F)(F)F)cc(C(F)(F)F)c1,,0.0,0.0,0.0,0.0,0.0,0.0,0.0,0.0,0.0,,0.0,0.0,0.0,0.0,0.0,0.0,0.0,0.0,0.0,0.0,0.0,,,,
CC(O)[C@H]1CNC(=O)C(=O)N1CCc1cc(C(F)(F)F)cc(C(F)(F)F)c1,,0.0,0.0,0.0,0.0,0.0,0.0,0.0,0.0,0.0,,0.0,0.0,0.0,0.0,0.0,0.0,0.0,0.0,0.0,0.0,0.0,,,,
CCCC[C@@H]1CNC(=O)C(=O)N1CCc1cc(C(F)(F)F)cc(C(F)(F)F)c1,,0.0,0.0,0.0,0.0,0.0,0.0,0.0,0.0,0.0,,,0.0,0.0,0.0,,0.0,,0.0,0.0,,0.0,,,,
FC(F)(F)C(F)(F)C(F)(F)c1nc2nc(Cl)c(Cl)nc2[nH]1,,,,,,,,,,,,0.0,,,,0.0,0.0,1.0,,0.0,0.0,0.0,,,,
FC(F)C(F)(F)Oc1cccc(Nc2nccn3c(-c4cc(C(F)(F)F)cc(C(F)(F)F)c4)cnc23)c1,,,,,,,,,,,,0.0,,,0.0,0.0,0.0,,,0.0,0.0,0.0,,,,
CCOC(=O)c1c(N)sc(C(O)(C(F)(F)F)C(F)(F)F)c1-c1ccc(OC)cc1OC,0.0,,0.0,0.0,0.0,0.0,1.0,0.0,0.0,,,0.0,0.0,0.0,0.0,0.0,,,,0.0,0.0,0.0,,,,0.0
O=C1N=c2ccccc2=C1NNc1c(F)c(F)c(C(F)(F)F)c(F)c1F,,,,,0.0,0.0,0.0,0.0,0.0,0.0,0.0,0.0,0.0,0.0,0.0,0.0,,0.0,0.0,0.0,0.0,0.0,,,,
Cc1ccc(S(=O)(=O)Nc2ccc(C(OC(=O)c3ccccc3[N+](=O)[O-])(C(F)(F)F)C(F)(F)F)cc2)cc1,,,0.0,0.0,0.0,0.0,,,,,,1.0,0.0,,,0.0,0.0,,,0.0,0.0,0.0,,,,
FC(F)(F)c1cc(CN2CC[C@@]3(CCCNC3)C2)cc(C(F)(F)F)c1,0.0,,,,0.0,0.0,0.0,,,,,,,,,,,1.0,,,,,0.0,,0.0,0.0
Cc1cc(C(F)(F)F)nn1-c1nc(-c2ccco2)cc(C(F)(F)F)n1,,0.0,0.0,0.0,0.0,0.0,0.0,0.0,,0.0,0.0,0.0,0.0,0.0,0.0,0.0,0.0,0.0,0.0,0.0,,,,,,
O=C(Nc1ccc(-c2csc(Nc3cccc(C(F)(F)F)c3)n2)cc1)c1cc([N+](=O)[O-])cc(C(F)(F)F)c1,,1.0,0.0,0.0,0.0,0.0,0.0,0.0,,,,0.0,0.0,0.0,,,0.0,1.0,1.0,0.0,0.0,,,,,
O=C(Nc1ccc(-c2csc(Nc3cccc(C(F)(F)F)c3)n2)cc1)c1cccc(C(F)(F)F)c1,,,,0.0,0.0,0.0,0.0,,,1.0,,,0.0,0.0,,1.0,,1.0,1.0,0.0,,,,,,
COc1ccc(C(=O)NN/C(C)=C/C(=O)C(F)(F)C(F)(F)C(F)(F)F)cc1,0.0,0.0,0.0,1.0,1.0,1.0,0.0,0.0,0.0,,,0.0,0.0,,1.0,0.0,0.0,0.0,0.0,0.0,0.0,0.0,,,,
O=C(NCCc1ccccn1)C(F)(F)C(F)(F)C(F)(F)C(F)(F)C(F)(F)C(F)F,0.0,0.0,0.0,0.0,,0.0,,1.0,0.0,0.0,0.0,0.0,0.0,0.0,0.0,0.0,0.0,,,1.0,0.0,0.0,,,,
CC(NC(=O)NNC(N)=S)(C(F)(F)F)C(F)(F)F,,0.0,0.0,0.0,1.0,,0.0,,0.0,0.0,0.0,0.0,0.0,0.0,,0.0,0.0,0.0,0.0,0.0,,1.0,,,,
CCCC(=O)NC(Nc1ccccc1Cl)(C(F)(F)F)C(F)(F)F,0.0,0.0,0.0,0.0,0.0,0.0,0.0,0.0,0.0,,,0.0,0.0,0.0,0.0,0.0,0.0,0.0,0.0,0.0,,,,,,
CCOC(=O)NC(Nc1ncccn1)(C(F)(F)F)C(F)(F)F,0.0,0.0,0.0,0.0,0.0,0.0,0.0,0.0,,0.0,0.0,0.0,0.0,0.0,0.0,0.0,0.0,0.0,0.0,0.0,,0.0,,,,
CCOC(=O)C(NC(=O)Nc1ccc(F)cc1F)(Oc1ccc(F)cc1)C(F)(F)F,0.0,0.0,0.0,0.0,0.0,0.0,0.0,0.0,0.0,0.0,0.0,0.0,0.0,,0.0,0.0,0.0,0.0,0.0,0.0,0.0,0.0,,,,
Cc1cc(NC(=O)NC(C)(C(F)(F)F)C(F)(F)F)no1,,0.0,0.0,0.0,0.0,0.0,0.0,0.0,0.0,0.0,0.0,0.0,0.0,0.0,0.0,0.0,0.0,0.0,0.0,0.0,0.0,0.0,,,,
Cc1[nH]n(-c2cc(C(F)(F)F)ccc2Cl)c2nc(C(F)(F)F)nc(=O)c1-2,0.0,0.0,0.0,0.0,0.0,0.0,0.0,0.0,0.0,0.0,0.0,,0.0,0.0,0.0,0.0,0.0,0.0,0.0,0.0,0.0,0.0,,,,
Cc1ccc(N/C(N)=N/c2nc(C(F)(F)F)cc(C(F)(F)F)n2)cc1,0.0,0.0,0.0,0.0,0.0,0.0,0.0,0.0,0.0,0.0,,,0.0,0.0,,0.0,0.0,0.0,0.0,0.0,,,,,,
FC(F)(F)c1cc(C(F)(F)F)c2ccc(N/N=C/c3cccc(Cl)c3)nc2n1,0.0,0.0,0.0,0.0,0.0,0.0,0.0,,,0.0,,,,,,,,,,,,,,,,
CC(NC(=O)Nc1ccc(O)cc1)(C(F)(F)F)C(F)(F)F,0.0,0.0,,0.0,0.0,0.0,1.0,0.0,0.0,0.0,0.0,0.0,0.0,0.0,0.0,0.0,0.0,,0.0,0.0,,0.0,,,,
CCSc1nnc(NC(=O)C(CC)(C(F)(F)F)C(F)(F)F)s1,0.0,0.0,0.0,0.0,1.0,1.0,1.0,0.0,1.0,,,,,,,0.0,,1.0,,0.0,,,,,,
O=C(CCCc1nc(-c2ccccc2)no1)Nc1cc(C(F)(F)F)cc(C(F)(F)F)c1,,,,,,,0.0,0.0,,,0.0,,,,,,,1.0,,,0.0,0.0,,,,
CNc1ccc(C(O)(C(F)(F)F)C(F)(F)F)cc1C(O)(C(F)(F)F)C(F)(F)F,0.0,0.0,0.0,0.0,0.0,0.0,0.0,0.0,,0.0,0.0,0.0,0.0,0.0,0.0,0.0,0.0,0.0,0.0,0.0,,,,,,0.0
O=C(O)CN(c1ccccc1)S(=O)(=O)c1cc(C(F)(F)F)cc(C(F)(F)F)c1,0.0,0.0,0.0,0.0,0.0,0.0,,0.0,,0.0,0.0,0.0,0.0,0.0,0.0,0.0,0.0,0.0,0.0,0.0,0.0,0.0,,,,
O=c1cc(-c2c(F)c(F)c(F)c(F)c2F)oc2c(F)c(F)c(F)c(F)c12,,1.0,,,1.0,1.0,0.0,,,,0.0,,,,,,,,,,,,,,,0.0
CNc1nc(N)nc(OC(C(F)(F)F)C(F)(F)F)n1,0.0,0.0,0.0,0.0,0.0,0.0,0.0,0.0,0.0,0.0,,0.0,0.0,0.0,0.0,0.0,0.0,0.0,0.0,0.0,,,,,,
FC(F)(F)C(F)(F)C(F)(F)C(F)(F)C(F)(F)F,,,,0.0,0.0,0.0,0.0,,,,,,,0.0,,,,0.0,0.0,,,,,,,
NC(=O)c1ncc(C(F)(F)F)cc1Oc1ccc(C(F)(F)F)cc1,0.0,0.0,0.0,0.0,0.0,0.0,0.0,0.0,,0.0,0.0,0.0,0.0,0.0,0.0,0.0,0.0,0.0,0.0,0.0,,0.0,,,,
Cc1nc2ccc(C(C(F)(F)F)(C(F)(F)F)C(F)(F)F)cc2[nH]1,0.0,0.0,,0.0,,0.0,,0.0,0.0,0.0,0.0,0.0,0.0,0.0,,0.0,0.0,0.0,,0.0,0.0,0.0,,,,0.0
Nc1ccc(N2CCN(c3ncc(C(F)(F)F)cc3Cl)CC2)c(C(F)(F)F)c1,,,,,,,,0.0,,,0.0,,,,,,,,,,0.0,0.0,,,,
O=S(=O)(CCN(CCS(=O)(=O)C(F)(F)F)CC1CCCO1)C(F)(F)F,1.0,0.0,0.0,0.0,0.0,0.0,,0.0,0.0,,,0.0,0.0,0.0,0.0,,0.0,1.0,1.0,1.0,0.0,0.0,,,,0.0
Cn1c(=O)c(C(=O)COC(=O)c2cc(C(F)(F)F)nc3c(C(F)(F)F)cccc23)c(N)n(Cc2ccccc2)c1=O,0.0,,0.0,,0.0,0.0,,,,,,,,,,,,,,,,,,0.0,,
O=C(Nc1ccc(Cl)cc1F)c1ccc(COc2c(F)c(F)c(F)c(F)c2F)o1,0.0,0.0,0.0,0.0,0.0,0.0,0.0,0.0,0.0,0.0,0.0,0.0,0.0,0.0,,0.0,0.0,0.0,0.0,0.0,,0.0,,,,
CC(C)NC(=O)C1C(c2ccc(C(F)(F)F)cc2)=Nc2ccccc2N1C(=O)c1cccc(C(F)(F)F)c1,,,,,,,,,,,,,,,,,0.0,,,0.0,,0.0,,,,
Cn1c(=O)c2c(nc(SCC(=O)Nc3ccc(OC(F)(F)F)cc3)n2Cc2cccc(C(F)(F)F)c2)n(C)c1=O,,,,,,,0.0,0.0,1.0,,0.0,0.0,,,0.0,,,1.0,1.0,,0.0,0.0,,,,
O=C(Nc1cccc(-c2csc(Nc3cccc(C(F)(F)F)c3)n2)c1)c1cc([N+](=O)[O-])cc(C(F)(F)F)c1,,0.0,0.0,0.0,0.0,0.0,0.0,0.0,,1.0,,0.0,0.0,,,0.0,0.0,1.0,1.0,0.0,,0.0,,,,
CN(C)/C=C/C(=C\C(=O)C(F)(F)F)Nc1ccc(C(F)(F)F)cc1,0.0,0.0,0.0,0.0,0.0,0.0,0.0,0.0,0.0,0.0,,,0.0,0.0,0.0,,0.0,1.0,,0.0,,,,,,
CN(C)c1ccc(N/C(N)=N/c2nc(C(F)(F)F)cc(C(F)(F)F)n2)cc1,0.0,0.0,0.0,0.0,0.0,0.0,1.0,0.0,0.0,0.0,,0.0,0.0,0.0,0.0,,0.0,0.0,0.0,0.0,0.0,,,,,
CC(C)OC(=O)NC(Nc1ccccc1C(=O)O)(C(F)(F)F)C(F)(F)F,,0.0,0.0,0.0,0.0,0.0,0.0,0.0,0.0,,,0.0,0.0,0.0,0.0,0.0,0.0,0.0,0.0,0.0,,,,,,
CC(=O)N1CCN(C(=O)CNc2cc(C(F)(F)F)ccc2OCC(F)(F)F)CC1,0.0,0.0,0.0,0.0,0.0,0.0,0.0,0.0,0.0,0.0,0.0,0.0,0.0,0.0,0.0,0.0,0.0,0.0,0.0,0.0,0.0,0.0,,,,0.0
CCCCNC(=O)C1C(c2ccc(C(F)(F)F)cc2)=Nc2ccccc2N1C(=O)c1cccc(C(F)(F)F)c1,,,,,,,,,,,,,,,0.0,,0.0,,,0.0,0.0,0.0,,,,
CCSc1nnc(NC(=O)NC(C)(C(F)(F)F)C(F)(F)F)s1,0.0,0.0,0.0,,0.0,,,0.0,,,,,0.0,,1.0,0.0,,,,0.0,0.0,,,,,
CCOC(=O)C(NC(=O)Nc1cccc(C)n1)(OCC(F)(F)F)C(F)(F)F,0.0,0.0,0.0,0.0,0.0,0.0,,0.0,0.0,0.0,0.0,0.0,0.0,0.0,0.0,0.0,0.0,0.0,0.0,,,,,,,0.0
O=C1NC[C@H](c2ccccc2)N(CCc2cc(C(F)(F)F)cc(C(F)(F)F)c2)C1=O,,0.0,0.0,0.0,0.0,0.0,0.0,0.0,,,,0.0,0.0,,,,0.0,,,0.0,0.0,0.0,,,,
O=C(c1ccco1)N1CCC2(CC1)CN(Cc1cc(C(F)(F)F)cc(C(F)(F)F)c1)C2,,,,,0.0,0.0,0.0,,,,,,,,,,,0.0,0.0,,,,0.0,0.0,1.0,1.0
COc1cccc(C(=O)NC(=O)Nc2ccc(-n3nc(C(F)(F)F)cc3C(F)(F)F)cc2)c1,,,0.0,,,,0.0,0.0,0.0,,0.0,0.0,,,0.0,0.0,,0.0,0.0,,0.0,0.0,,,,
COc1ccccc1C(=O)NC(=O)Nc1ccc(-n2nc(C(F)(F)F)cc2C(F)(F)F)cc1,,,,,,,0.0,0.0,,,0.0,0.0,,,0.0,0.0,,1.0,,,0.0,0.0,,,,
Cc1cccc(C(=O)NC(=O)Nc2ccc(-n3nc(C(F)(F)F)cc3C(F)(F)F)cc2)c1,,,0.0,,,,0.0,0.0,0.0,,0.0,0.0,,,0.0,0.0,,0.0,0.0,,0.0,0.0,,,,
Cc1ccccc1C(=O)NC(=O)Nc1ccc(-n2nc(C(F)(F)F)cc2C(F)(F)F)cc1,,,0.0,,,,0.0,0.0,0.0,,0.0,0.0,,,0.0,0.0,,,0.0,,0.0,0.0,,,,
O=C(c1cc(C(F)(F)F)cc(C(F)(F)F)c1)N1CCC2(CCCN(Cc3nccs3)C2)CC1,0.0,,,,0.0,0.0,0.0,,,,,,,,,,,,,,,,0.0,1.0,0.0,0.0
CCOC(=O)c1c(N)sc(C(O)(C(F)(F)F)C(F)(F)F)c1-c1ccc(F)cc1,0.0,0.0,0.0,0.0,,0.0,0.0,,,0.0,0.0,,0.0,0.0,,0.0,0.0,,,0.0,,,,,,
CCSc1nnc(NC(NC(=O)c2ccco2)(C(F)(F)F)C(F)(F)F)s1,0.0,0.0,0.0,0.0,0.0,0.0,0.0,0.0,0.0,0.0,0.0,0.0,0.0,0.0,0.0,0.0,0.0,0.0,0.0,0.0,,0.0,,,,
C[C@]12C=CC(=O)N[C@@H]1CC[C@@H]1C2CC[C@]2(C)C(C(=O)Nc3cc(C(F)(F)F)ccc3C(F)(F)F)CC[C@@H]12,,,,0.0,0.0,0.0,0.0,,,,,,,0.0,,,,,,,,,,,,
CC1(C)OC(C(O)(c2cc(F)c(F)c(F)c2)c2cc(F)c(F)c(F)c2)C(C(O)(c2cc(F)c(F)c(F)c2)c2cc(F)c(F)c(F)c2)O1,0.0,,0.0,,0.0,0.0,,,,,,,,,,,,,,,,,0.0,0.0,0.0,0.0
N/C(=N\OC(=O)CCn1cccc(C(F)(F)F)c1=O)c1ccc(OC(F)(F)F)cc1,,0.0,0.0,0.0,0.0,0.0,,0.0,0.0,0.0,0.0,0.0,0.0,0.0,0.0,,0.0,0.0,0.0,0.0,0.0,0.0,,,,
Cc1nc(C(F)(F)F)c(C(=O)Sc2cccc(C(F)(F)F)c2)s1,,0.0,0.0,0.0,0.0,0.0,0.0,0.0,0.0,0.0,0.0,0.0,0.0,0.0,0.0,0.0,0.0,1.0,1.0,1.0,0.0,0.0,,,,
CC1=NN(C(=O)c2ccc(C)cc2)C(O)(C(F)(F)OC(F)(F)F)C1,0.0,0.0,0.0,0.0,1.0,1.0,0.0,0.0,0.0,0.0,0.0,0.0,0.0,,,,0.0,1.0,1.0,,,,,,,
FC(F)(F)c1cc(NC(=S)Nc2ccc3ccccc3c2)cc(C(F)(F)F)c1,0.0,,0.0,,1.0,,,,,,0.0,,,,,,,,,,,,,,,
Cc1nn(-c2ccc(F)cc2)c(Cl)c1/C=C/C(=O)OCC(=O)Nc1c(F)c(F)c(F)c(F)c1F,0.0,0.0,0.0,0.0,0.0,0.0,0.0,0.0,0.0,0.0,0.0,0.0,0.0,0.0,0.0,0.0,0.0,0.0,0.0,0.0,0.0,0.0,,,,
Fc1ccc(N2CCN(c3ccc4c(C(F)(F)F)cc(C(F)(F)F)nc4n3)CC2)cc1,0.0,0.0,0.0,0.0,0.0,,0.0,0.0,0.0,0.0,0.0,0.0,0.0,0.0,0.0,,0.0,0.0,0.0,0.0,,,,,,
CC(C)NC(=O)N1CC2(CCN(C(=O)c3cc(C(F)(F)F)cc(C(F)(F)F)c3)CC2)C1,0.0,,,,0.0,0.0,0.0,,,,,,,,,,,0.0,0.0,,,,0.0,0.0,1.0,
COc1ccc(-n2c3c(c(=O)[nH]c2=O)C(C(F)(F)F)(C(F)(F)F)N=C(CC(C)C)N3)cc1,0.0,0.0,0.0,0.0,0.0,0.0,0.0,0.0,,0.0,0.0,0.0,0.0,0.0,0.0,0.0,0.0,0.0,0.0,0.0,,,,,,
CNc1nc(OCC(F)(F)F)nc(OCC(F)(F)F)n1,,,,,,,,0.0,0.0,,0.0,0.0,0.0,0.0,0.0,0.0,0.0,0.0,0.0,0.0,,0.0,,,,
O=C(NCCCCCCCCCNC(=O)C(F)(F)F)C(F)(F)F,0.0,0.0,0.0,0.0,0.0,0.0,0.0,0.0,0.0,0.0,0.0,0.0,0.0,0.0,0.0,0.0,0.0,,0.0,0.0,0.0,0.0,,,,
FC(F)(F)C(F)(F)C(F)(F)c1nnc2ccc(N3CCOCC3)nn12,0.0,0.0,0.0,0.0,0.0,0.0,0.0,0.0,,0.0,0.0,,0.0,0.0,0.0,0.0,0.0,,,0.0,,0.0,,,,0.0
O=C(NCC(F)(F)F)c1[nH]c(C(F)(F)F)nc1-c1ccccc1,,,,,,,,,,,,0.0,,,0.0,0.0,0.0,0.0,0.0,0.0,0.0,0.0,,,,
CCCc1ccc2c(C(F)(F)F)cc(C(F)(F)F)cc2n1,,,,,,,,,,,,0.0,,,0.0,0.0,0.0,0.0,0.0,0.0,0.0,0.0,,,,
C[C@]12C=CC(=O)N[C@@H]1CC[C@@H]1[C@@H]2CC[C@]2(C)[C@@H](C(=O)Nc3cc(C(F)(F)F)ccc3C(F)(F)F)CC[C@@H]12,,,,,,,,,,,,,,,,,,0.0,0.0,,,,,,,
FC(F)(F)c1cccc(NC(=S)NNC(=S)Nc2cccc(C(F)(F)F)c2)c1,1.0,,,0.0,0.0,0.0,1.0,,,,,,,,,,,,,,,,,,,
CNc1nc(Sc2cccc(C(F)(F)F)c2)cc(C(F)(F)F)n1,0.0,0.0,0.0,0.0,0.0,0.0,0.0,0.0,,0.0,0.0,0.0,0.0,0.0,0.0,0.0,0.0,0.0,0.0,0.0,,,,,,
O=C(NCc1cc(C(F)(F)F)cc(C(F)(F)F)c1)C12CN(Cc3ccccc3)CC1C(c1cccc([N+](=O)[O-])c1)=NO2,0.0,0.0,0.0,0.0,0.0,0.0,0.0,0.0,0.0,0.0,,0.0,0.0,,0.0,0.0,0.0,0.0,0.0,0.0,0.0,0.0,,,,
Nc1nc(Nc2cccc(C(F)(F)F)c2)nc(C(F)(F)F)n1,0.0,0.0,,0.0,0.0,,0.0,0.0,,0.0,0.0,,0.0,0.0,0.0,0.0,,,,0.0,,,,,,
O=C(NC(Nc1nc2ccc([N+](=O)[O-])cc2s1)(C(F)(F)F)C(F)(F)F)c1ccccc1,0.0,1.0,0.0,1.0,1.0,1.0,,,1.0,,1.0,,1.0,,0.0,,1.0,1.0,1.0,0.0,,,,,,
FC(F)(F)c1cccc(Sc2nc(-c3ccccc3)nnc2C(F)(F)F)c1,0.0,,0.0,0.0,,1.0,0.0,0.0,,0.0,0.0,0.0,0.0,1.0,0.0,1.0,,1.0,1.0,0.0,,0.0,,,,
O=C(OCC(F)(F)C(F)F)c1ccccc1C(=O)Oc1ccc(F)cc1F,0.0,,0.0,0.0,0.0,0.0,0.0,0.0,0.0,0.0,0.0,0.0,0.0,0.0,0.0,0.0,0.0,0.0,0.0,0.0,,,,,,
N#Cc1ccc(C23CC4(C2)[C@H](CN(Cc2ccc(C(F)(F)F)cc2)[C@@H]4c2ccccc2)C3c2ccc(C(F)(F)F)cc2)cc1,0.0,0.0,0.0,0.0,0.0,0.0,,0.0,0.0,0.0,,0.0,0.0,0.0,0.0,,0.0,1.0,,0.0,0.0,0.0,,0.0,,
CC1(C)CC(=O)C2=C(C1)N(c1cccc(Cl)c1)C(=O)NC2(C(F)(F)F)C(F)(F)F,0.0,0.0,0.0,,0.0,0.0,0.0,0.0,0.0,0.0,0.0,0.0,0.0,0.0,0.0,0.0,0.0,0.0,0.0,0.0,0.0,0.0,,,,
Cc1cc(F)ccc1-c1cc(C(=O)NCc2cc(C(F)(F)F)cc(C(F)(F)F)c2)[nH]n1,,,,,,,,,,,,0.0,,,0.0,0.0,,0.0,0.0,0.0,0.0,0.0,,,,
O=C(c1cccc(F)c1)N1CCC2(CCCN(Cc3cc(C(F)(F)F)cc(C(F)(F)F)c3)C2)CC1,0.0,,,,0.0,0.0,0.0,,,,,,,,,,,,0.0,,,,0.0,1.0,,
O=C(c1cc(C(F)(F)F)cc(C(F)(F)F)c1)N1CCC2(CCCN(c3ccccn3)C2)CC1,0.0,,,,1.0,,0.0,,,,,,,,,,,,,,,,0.0,1.0,0.0,1.0
O=C(O)CC1(CC(=O)Nc2cc(C(F)(F)F)cc(C(F)(F)F)c2)CCCCC1,,0.0,0.0,0.0,0.0,0.0,0.0,0.0,1.0,,0.0,,0.0,0.0,,0.0,,0.0,0.0,0.0,0.0,0.0,,,,
O=C(Oc1ccccc1)N1CCC[C@@]2(CCN(Cc3cc(C(F)(F)F)cc(C(F)(F)F)c3)C2)C1,0.0,,,,0.0,0.0,0.0,,,,,,,,,,,,,,,,0.0,1.0,1.0,1.0
CC(=O)N1CCC[C@@]2(CCN(Cc3cc(C(F)(F)F)cc(C(F)(F)F)c3)C2)C1,0.0,,,,0.0,0.0,0.0,,,,,,,,,,,0.0,0.0,,,,0.0,1.0,1.0,
CCC(NC(=O)Nc1cc(OC)c(OC)c(OC)c1)(C(F)(F)F)C(F)(F)F,0.0,0.0,0.0,0.0,0.0,0.0,0.0,0.0,0.0,0.0,0.0,0.0,0.0,0.0,,0.0,0.0,,,0.0,,,,,,
CC(C)Cn1c(N)c(C(=O)COC(=O)c2cc(C(F)(F)F)nc3c(C(F)(F)F)cccc23)c(=O)n(C)c1=O,0.0,0.0,0.0,,0.0,0.0,,,,0.0,0.0,,,0.0,,,,,,,,,,,,
Cn1c(N)c(C(=O)COC(=O)c2cc(C(F)(F)F)nc3c(C(F)(F)F)cccc23)c(=O)n(C)c1=O,0.0,,0.0,,0.0,0.0,,,,,,,,,,,,,,,,,,0.0,,
COc1cccc(C(=O)NN/C(C)=C/C(=O)C(F)(F)C(F)(F)C(F)(F)F)c1,0.0,0.0,0.0,,1.0,1.0,0.0,,0.0,,0.0,,0.0,,,0.0,,1.0,1.0,1.0,0.0,0.0,,,,
CC(NC(=O)Nc1cccc([N+](=O)[O-])c1)(C(F)(F)F)C(F)(F)F,0.0,0.0,0.0,,,0.0,,0.0,,0.0,,,0.0,0.0,,0.0,,,1.0,0.0,,,,,,
FC(F)(F)c1cccc(Cn2c3[n+](c4ccc(C(F)(F)F)cc42)CCCCC3)c1,0.0,0.0,0.0,0.0,0.0,0.0,1.0,0.0,0.0,,,0.0,0.0,0.0,,0.0,0.0,1.0,,0.0,0.0,0.0,,,,
O=C1NC[C@@H](Cc2cccc3ccccc23)N(CCc2cc(C(F)(F)F)cc(C(F)(F)F)c2)C1=O,,0.0,0.0,0.0,0.0,0.0,0.0,,0.0,0.0,,1.0,0.0,,,1.0,0.0,,0.0,0.0,0.0,0.0,,,,
FC(F)(F)c1cc(C(F)(F)F)c2ccc(N3CCN(c4ccccc4)CC3)nc2n1,0.0,0.0,0.0,0.0,0.0,0.0,0.0,0.0,0.0,0.0,,0.0,0.0,0.0,0.0,0.0,0.0,0.0,0.0,0.0,,,,,,
FC(F)(F)c1cc(C(F)(F)F)c2ccc(N3CCOCC3)nc2n1,,,,,0.0,0.0,0.0,0.0,0.0,0.0,0.0,0.0,0.0,0.0,0.0,0.0,0.0,0.0,0.0,0.0,0.0,0.0,,,,
NNc1ccc2c(C(F)(F)F)cc(C(F)(F)F)nc2n1,,0.0,0.0,0.0,0.0,1.0,1.0,0.0,,0.0,0.0,0.0,0.0,0.0,0.0,0.0,0.0,,,0.0,0.0,0.0,,,,
[O-][n+]1ccc(CC(O)(C(F)(F)F)C(F)(F)F)cc1,,,,,,,,,,,,0.0,,,0.0,0.0,0.0,0.0,0.0,0.0,0.0,0.0,,,,
Cc1ccc(CCNC(=O)C2CC(c3cc(C(F)(F)F)cc(C(F)(F)F)c3)=NO2)cc1,,0.0,0.0,0.0,0.0,0.0,0.0,0.0,0.0,0.0,,0.0,0.0,0.0,0.0,0.0,0.0,,,0.0,0.0,0.0,,,,
CC1=NN(C(=O)c2ccc(Br)cc2)C(O)(C(F)(F)OC(F)(F)F)C1,,0.0,0.0,0.0,1.0,1.0,0.0,0.0,,0.0,0.0,1.0,0.0,,,0.0,0.0,,,0.0,,,,,,
FC(F)(F)c1cc(Cl)c2nc(-c3ccco3)c(Cc3ccccc3C(F)(F)F)n2c1,,,,,,,,,,,,,,,0.0,,0.0,1.0,,0.0,0.0,0.0,,,,
O=C(COC(=O)C(O)C(O)C(=O)OCC(=O)c1ccc(C(F)(F)F)cc1)c1ccc(C(F)(F)F)cc1,,0.0,0.0,0.0,0.0,0.0,,0.0,0.0,0.0,0.0,0.0,0.0,0.0,0.0,0.0,0.0,0.0,0.0,0.0,0.0,0.0,,,,
Cc1ccc(NC(=O)CC(O)(C(F)(F)F)C(F)(F)F)c(Br)c1,0.0,0.0,0.0,0.0,0.0,0.0,0.0,0.0,0.0,0.0,0.0,,0.0,0.0,,0.0,0.0,,,0.0,0.0,0.0,,,,0.0
CC(C)CN1CCCC2(CCN(C(=O)c3cc(C(F)(F)F)cc(C(F)(F)F)c3)CC2)C1,0.0,,,,0.0,0.0,0.0,,,,,,,,,,,0.0,0.0,,,,,,1.0,
O=C(CNC(=O)c1ccc(C(F)(F)F)cc1)OC(C(=O)Nc1cc(C(F)(F)F)ccc1Cl)c1ccccc1,,,,,,,,0.0,0.0,,,,,,,,,,,,,,,,,
Cc1cc(OC(=O)c2cc(C(F)(F)F)cc(C(F)(F)F)c2)c([N+](=O)[O-])c(=O)[nH]1,,,,,0.0,0.0,,,0.0,0.0,,0.0,0.0,0.0,0.0,0.0,0.0,0.0,0.0,0.0,0.0,0.0,,,,
Cn1nc(C(F)(F)F)c(-c2cccc(C(F)(F)F)c2)c1NC(=O)Nc1ccc(F)cc1,,0.0,,0.0,0.0,0.0,0.0,0.0,,0.0,0.0,0.0,0.0,0.0,,0.0,0.0,1.0,1.0,0.0,0.0,0.0,,,,
Oc1ccc(C[C@H]2CNC(=S)N2CCc2cc(C(F)(F)F)cc(C(F)(F)F)c2)cc1,0.0,0.0,0.0,0.0,0.0,1.0,0.0,0.0,,0.0,,,0.0,0.0,,0.0,0.0,,0.0,0.0,0.0,0.0,,,,
CN(C[C@H](Cc1ccccc1)N(C[C@H](Cc1ccccc1)N(CCc1cc(C(F)(F)F)cc(C(F)(F)F)c1)N=O)N=O)N=O,0.0,0.0,0.0,0.0,0.0,0.0,0.0,0.0,0.0,0.0,,,0.0,0.0,0.0,0.0,0.0,1.0,,0.0,0.0,0.0,,,,
FCOC(C(F)(F)F)C(F)(F)F,,,,0.0,0.0,0.0,0.0,,,,,,,0.0,,,,0.0,0.0,,,,,,,
Cc1cc(NC(NC(=O)c2ccco2)(C(F)(F)F)C(F)(F)F)no1,0.0,0.0,0.0,0.0,0.0,0.0,0.0,0.0,,0.0,0.0,0.0,0.0,0.0,0.0,0.0,0.0,0.0,0.0,0.0,,,,,,0.0
O=C(CCC(=O)OCC(F)(F)C(F)F)Nc1ccc(F)cc1F,0.0,0.0,0.0,0.0,0.0,0.0,0.0,0.0,0.0,0.0,0.0,0.0,0.0,0.0,0.0,0.0,0.0,0.0,0.0,,0.0,0.0,,,,
Nc1ccc(C(O)(C(F)(F)F)C(F)(F)F)cc1,0.0,0.0,0.0,0.0,0.0,0.0,0.0,,,0.0,,0.0,0.0,0.0,0.0,0.0,0.0,0.0,0.0,0.0,,,,,,
CCCCn1nc2cc(C(=O)NCc3cc(C(F)(F)F)cc(C(F)(F)F)c3)ccc2c1OCC,,0.0,0.0,0.0,0.0,0.0,0.0,0.0,1.0,0.0,,0.0,0.0,0.0,0.0,0.0,0.0,,,0.0,0.0,0.0,,,,
CCC(C)(CC(=O)O)CC(=O)Nc1cc(C(F)(F)F)cc(C(F)(F)F)c1,,0.0,0.0,0.0,0.0,,,0.0,,,0.0,,0.0,0.0,0.0,0.0,0.0,0.0,0.0,0.0,0.0,0.0,,,,
CCn1cnc2c(Nc3cc(F)cc(F)c3)nc(C(=O)COc3c(F)c(F)cc(F)c3F)nc21,,,,,,,,0.0,0.0,,,,,,,,,,,,,,,,,
CCC(C)Nc1nc(OC(C(F)(F)F)C(F)(F)F)nc(OC(C(F)(F)F)C(F)(F)F)n1,0.0,0.0,0.0,0.0,0.0,0.0,0.0,0.0,0.0,0.0,0.0,0.0,0.0,0.0,,0.0,0.0,0.0,0.0,0.0,0.0,0.0,,,,
O=C(NNC(=O)c1csc(-c2cnccc2C(F)(F)F)n1)c1ccc(C(F)(F)F)cc1,,0.0,0.0,0.0,,,0.0,0.0,,,0.0,,0.0,0.0,,0.0,0.0,1.0,,0.0,0.0,0.0,,,,
Cc1noc(C(F)(F)F)c1C(=O)NNC(=O)c1cccc(C(F)(F)F)c1,,0.0,0.0,0.0,0.0,0.0,,0.0,,0.0,,0.0,0.0,0.0,0.0,0.0,0.0,0.0,0.0,0.0,,,,,,
FC(F)(F)c1cc(C(F)(F)F)c2ccc(Oc3ccccc3)nc2n1,0.0,0.0,0.0,0.0,0.0,0.0,0.0,,0.0,0.0,0.0,0.0,0.0,0.0,0.0,0.0,0.0,0.0,0.0,0.0,,,,,,
Cc1ccc(/C=N/NC(=O)C(F)(F)C(F)(F)C(F)(F)C(F)(F)C(F)(F)C(F)(F)F)cc1,0.0,0.0,0.0,0.0,0.0,0.0,0.0,0.0,0.0,0.0,0.0,0.0,0.0,0.0,0.0,,0.0,0.0,0.0,0.0,0.0,0.0,,,,
O=C1CC(C(F)(F)C(F)(F)C(F)(F)C(F)F)=Nc2ccccc2N1,0.0,0.0,0.0,0.0,0.0,0.0,0.0,0.0,0.0,0.0,0.0,0.0,0.0,0.0,0.0,0.0,0.0,0.0,0.0,0.0,0.0,0.0,,,,0.0
Cc1cc(C(F)(F)F)n2nc(-c3cnn(C)c3C(F)(F)F)c(Br)c2n1,0.0,0.0,0.0,0.0,0.0,0.0,0.0,0.0,0.0,0.0,,0.0,0.0,0.0,0.0,0.0,0.0,0.0,,0.0,0.0,0.0,,,,
CCN1C(NCc2cccc(C(F)(F)F)c2)=N[C@@H](c2cccc(C(F)(F)F)c2)C(C(=O)OC)=C1C,,,,,,,,,,,,1.0,,,,,,1.0,1.0,,0.0,,,,,
COC(=O)N1CCC2(CCN(Cc3cc(C(F)(F)F)cc(C(F)(F)F)c3)CC2)CC1,0.0,,,,0.0,0.0,0.0,,,,,,,,,,,1.0,,,,,0.0,0.0,1.0,
FC(F)(F)c1cc(C(F)(F)F)n2nc(-c3sccc3-n3cccc3)cc2n1,0.0,0.0,0.0,0.0,0.0,0.0,,0.0,0.0,0.0,0.0,0.0,0.0,0.0,0.0,0.0,0.0,0.0,0.0,0.0,,,,,,
COc1ccc(NC(=O)N2CC3(CCN(C(=O)c4cc(C(F)(F)F)cc(C(F)(F)F)c4)CC3)C2)cc1,,,,,0.0,0.0,0.0,,,,,,,,,,,0.0,0.0,,,,0.0,,0.0,0.0
Oc1ccc(-c2c(-c3ccccc3)nn3c(C(F)(F)F)cc(C(F)(F)F)nc23)cc1,,,,,0.0,0.0,,,,,,,,,,,,,,,,,,,,
Cc1ccc(-n2nnnc2CNC(=O)c2cc(C(F)(F)F)cc(C(F)(F)F)c2)cc1C,,,0.0,,,,0.0,0.0,,,,,,,0.0,,,1.0,,,0.0,0.0,,,,
Cn1c(SCC(=O)NCCNC(=O)CSc2nnc(C(F)(F)F)n2C)nnc1C(F)(F)F,0.0,0.0,,0.0,0.0,0.0,0.0,0.0,0.0,0.0,0.0,0.0,0.0,0.0,0.0,0.0,0.0,0.0,0.0,0.0,,0.0,,,,
CCC(NC(=O)NC1=NCCS1)(C(F)(F)F)C(F)(F)F,0.0,0.0,0.0,0.0,0.0,0.0,0.0,0.0,0.0,0.0,0.0,0.0,0.0,0.0,0.0,0.0,0.0,0.0,0.0,0.0,0.0,0.0,,,,
Cc1oc2c(F)c(F)c(F)c(F)c2c1S(=O)(=O)Nc1cccc(C(F)(F)F)c1,,,,,,,0.0,0.0,1.0,,,1.0,0.0,1.0,1.0,,1.0,1.0,1.0,1.0,,,,,,
O=C1NC[C@H](Cc2ccccc2)N(CCc2cc(C(F)(F)F)cc(C(F)(F)F)c2)C1=O,,,,,,,,,,,,,,,,,0.0,,,,,,,,,
O=c1[nH]c(=O)n(Cc2ccco2)c2c1C(C(F)(F)F)(C(F)(F)F)N=C(CCc1ccccc1)N2,0.0,,0.0,0.0,0.0,,,0.0,,,,0.0,0.0,,0.0,,,,1.0,0.0,,,,,,
Cc1ccnc(NC(NC(=O)C(C)C)(C(F)(F)F)C(F)(F)F)c1,0.0,0.0,,0.0,0.0,0.0,0.0,0.0,0.0,0.0,0.0,0.0,0.0,0.0,0.0,0.0,0.0,0.0,0.0,0.0,0.0,0.0,,,,
O=C(CCC(=O)OCC(=O)c1ccc(C(F)(F)F)cc1)OCC(=O)c1ccc(C(F)(F)F)cc1,,0.0,,0.0,0.0,0.0,0.0,0.0,0.0,0.0,0.0,0.0,0.0,0.0,0.0,0.0,0.0,0.0,0.0,0.0,0.0,0.0,,,,
FC(F)C(F)(F)C(F)(F)C(F)(F)c1cc(-c2ccccc2)n[nH]1,0.0,0.0,,0.0,,,0.0,0.0,,0.0,,,0.0,,,0.0,,,,0.0,,,,,,0.0
CC(=O)N1CCC2(CCCN(Cc3cc(C(F)(F)F)cc(C(F)(F)F)c3)C2)CC1,0.0,,,,0.0,0.0,0.0,,,,,,,,,,,,0.0,,,,0.0,,,
Fc1ccc2cnc(-c3ccccc3)c(-c3cc(C(F)(F)F)cc(C(F)(F)F)c3)c2c1,,,,,,,,,0.0,0.0,,,0.0,0.0,1.0,1.0,0.0,1.0,,0.0,0.0,0.0,,,,
CCC(=O)NC(Nc1cc(C)cc(C)n1)(C(F)(F)F)C(F)(F)F,0.0,0.0,0.0,0.0,0.0,0.0,0.0,0.0,0.0,0.0,0.0,0.0,0.0,0.0,0.0,0.0,0.0,0.0,0.0,0.0,,,,,,
Cc1ccc(/C=N/Nc2ccc3c(C(F)(F)F)cc(C(F)(F)F)nc3n2)cc1,0.0,0.0,0.0,0.0,0.0,0.0,,0.0,,0.0,0.0,0.0,0.0,0.0,0.0,0.0,0.0,0.0,0.0,0.0,,0.0,,,,
Cc1noc(C)c1C(=O)N1CCC2(CC1)CN(Cc1cc(C(F)(F)F)cc(C(F)(F)F)c1)C2,0.0,,,,0.0,0.0,0.0,,,,,,,,,,,0.0,0.0,,,,0.0,0.0,0.0,0.0
COc1ccc(C(=O)N2CCC[C@@]3(CCN(Cc4cc(C(F)(F)F)cc(C(F)(F)F)c4)C3)C2)cc1,0.0,,,,0.0,0.0,0.0,,,,,,,,,,,,0.0,,,,0.0,1.0,0.0,0.0
O[C@H](c1cc(C(F)(F)F)nc2c(C(F)(F)F)cccc12)[C@H]1CCCCN1,0.0,,,,0.0,0.0,0.0,,,,,,,,,,,,,,,,0.0,0.0,,
CC(C)OC(=O)N(C)c1ccc(C(O)(C(F)(F)F)C(F)(F)F)cc1,0.0,,0.0,,0.0,0.0,0.0,0.0,,0.0,0.0,,0.0,0.0,0.0,0.0,,,,0.0,0.0,0.0,,,,
CN(C(=O)/C(=N/Nc1cccc(C(F)(F)F)c1)C(=O)C(F)(F)F)c1ccccc1,0.0,0.0,0.0,,0.0,,0.0,0.0,0.0,,,,,,,0.0,1.0,0.0,0.0,0.0,,,,,,
O=C1NC[C@@H](Cc2ccc(O)cc2)N(CCc2cc(C(F)(F)F)cc(C(F)(F)F)c2)C1=O,,,,,,,,,,,,,,,0.0,0.0,0.0,0.0,,0.0,0.0,0.0,,,,
O=C(Nc1cc(C(F)(F)F)cc(C(F)(F)F)c1)c1ccc(Cn2cc(C(F)(F)F)ccc2=O)cc1,0.0,0.0,,0.0,0.0,,0.0,0.0,0.0,0.0,,0.0,0.0,0.0,0.0,,0.0,1.0,1.0,0.0,,,,,,
NC(=O)c1c(NC(NC(=O)c2ccco2)(C(F)(F)F)C(F)(F)F)sc2c1CCCC2,1.0,0.0,0.0,0.0,0.0,0.0,,0.0,0.0,0.0,0.0,0.0,0.0,0.0,0.0,,0.0,0.0,0.0,,0.0,0.0,,,,0.0
CCC1(COC(NC(=O)c2cccnc2)(C(F)(F)F)C(F)(F)F)COC1,0.0,0.0,0.0,0.0,0.0,0.0,0.0,0.0,0.0,0.0,0.0,0.0,0.0,0.0,0.0,0.0,0.0,0.0,0.0,0.0,0.0,0.0,,,,0.0
Cc1ccc(C(C#N)c2ccc3c(C(F)(F)F)cc(C(F)(F)F)nc3n2)cc1,0.0,0.0,0.0,,0.0,0.0,1.0,1.0,,,0.0,0.0,0.0,0.0,0.0,,0.0,1.0,1.0,0.0,,0.0,,,,
O=C(CC1Sc2ccc(C(F)(F)F)cc2NC1=O)Nc1ccc(Cl)c(C(F)(F)F)c1,,,1.0,,,,0.0,0.0,,,0.0,1.0,,,,0.0,,,,,0.0,0.0,,,,
O=S(=O)(O)C(F)(F)C(F)(F)C(F)(F)C(F)(F)C(F)(F)C(F)(F)C(F)(F)C(F)(F)F,,,,,,,,,,,,,,,,,,,0.0,,,,,,,
CNP1(NC)=NC(C(F)(F)F)=NC(C(F)(F)F)=N1,0.0,0.0,0.0,0.0,0.0,,0.0,0.0,0.0,0.0,0.0,0.0,0.0,0.0,0.0,0.0,0.0,0.0,0.0,0.0,0.0,0.0,,,,0.0
CC1=NC(C(F)(F)F)(C(F)(F)F)C2=C(CC(C)(C)CC2=O)N1Cc1ccco1,0.0,0.0,0.0,0.0,0.0,0.0,0.0,0.0,,0.0,0.0,,0.0,0.0,0.0,0.0,0.0,0.0,0.0,0.0,0.0,0.0,,,,0.0
C[C@H](CO)N1C[C@H](C)[C@@H](CN(C)C(=O)Nc2ccc(C(F)(F)F)cc2)Oc2ccc(NC(=O)Nc3ccc(C(F)(F)F)cc3)cc2C1=O,,,,,,,,0.0,0.0,0.0,,,0.0,0.0,,,,,,0.0,0.0,,,,,
CCOC(=O)Cc1csc(NC(NC(=O)OCC)(C(F)(F)F)C(F)(F)F)n1,0.0,0.0,0.0,0.0,0.0,0.0,0.0,0.0,0.0,0.0,0.0,0.0,0.0,0.0,0.0,0.0,0.0,0.0,0.0,0.0,0.0,0.0,,,,
C=CCn1c(SCc2cccc(C(F)(F)F)c2)nnc1-c1csc(-n2nc(C)cc2C(F)(F)F)n1,0.0,1.0,0.0,0.0,0.0,0.0,0.0,0.0,,,,0.0,0.0,1.0,,,0.0,1.0,,0.0,0.0,0.0,,,,
O=C(CCS(=O)(=O)c1nc(-c2cccs2)cc(C(F)(F)F)n1)Nc1ccc(OC(F)(F)F)cc1,,,0.0,,,,0.0,0.0,0.0,,,0.0,,,0.0,,,0.0,,,0.0,0.0,,,,
COc1nc(Nc2ccc(O)cc2)nc(OC(C(F)(F)F)C(F)(F)F)n1,0.0,,0.0,0.0,0.0,0.0,0.0,0.0,,0.0,0.0,,0.0,0.0,,0.0,0.0,0.0,,0.0,,,,,,0.0
O=C(Nc1ccccc1)N1CC2(CCN(C(=O)c3cc(C(F)(F)F)cc(C(F)(F)F)c3)CC2)C1,0.0,,,,0.0,0.0,0.0,,,,,,,,,,,0.0,0.0,,,,0.0,0.0,0.0,0.0
O=C(NO)c1cc(OCC(F)(F)F)ccc1OCC(F)(F)F,0.0,0.0,0.0,0.0,0.0,0.0,1.0,0.0,0.0,0.0,0.0,0.0,0.0,0.0,0.0,0.0,0.0,0.0,0.0,0.0,,,,,,
O=C1NC(C(F)(F)F)(C(F)(F)F)N=C2SC=CN12,,0.0,0.0,0.0,0.0,0.0,0.0,0.0,0.0,0.0,,0.0,0.0,0.0,0.0,0.0,0.0,0.0,0.0,0.0,,,,,,
CC(=O)C(C(C)=O)C(NC(=O)c1cccnc1)(C(F)(F)F)C(F)(F)F,0.0,0.0,0.0,0.0,0.0,0.0,0.0,1.0,0.0,0.0,0.0,,0.0,1.0,0.0,0.0,0.0,1.0,1.0,1.0,0.0,0.0,,,,0.0
O=C(CSc1nc(=O)c2c(C(F)(F)F)cc(-c3cccs3)nc2[nH]1)C(F)(F)F,,,,,0.0,0.0,1.0,0.0,,,,0.0,0.0,0.0,0.0,0.0,,,1.0,,,,,,,
O=C(c1cnccn1)N1CCC[C@@]2(CCN(Cc3cc(C(F)(F)F)cc(C(F)(F)F)c3)C2)C1,0.0,,,,0.0,0.0,0.0,,,,,,,,,,,,0.0,,,,0.0,1.0,1.0,
COC(=O)C1=C(C)N(Cc2ccccc2)C(NCc2cccc(C(F)(F)F)c2)=N[C@H]1c1cccc(C(F)(F)F)c1,,,,,,,,0.0,,1.0,,1.0,0.0,1.0,0.0,1.0,,1.0,1.0,0.0,1.0,1.0,,,,
CC(C)NC(=O)N1CCC2(CC1)CCN(C(=O)c1cc(C(F)(F)F)cc(C(F)(F)F)c1)CC2,0.0,,,,0.0,0.0,0.0,,,,,,,,,,,,0.0,,,,0.0,0.0,0.0,0.0
O=C(COc1ccc(C(F)(F)F)cc1[N+](=O)[O-])Nc1cccc(C(F)(F)F)c1,0.0,0.0,0.0,0.0,0.0,0.0,0.0,0.0,0.0,0.0,0.0,0.0,0.0,0.0,0.0,0.0,0.0,0.0,0.0,0.0,0.0,0.0,,,,
CC1(C)CC(=O)C2=C(C1)N(c1ccc(F)cc1)C(=O)NC2(C(F)(F)F)C(F)(F)F,1.0,0.0,0.0,0.0,0.0,1.0,0.0,0.0,0.0,0.0,0.0,0.0,0.0,0.0,0.0,0.0,0.0,0.0,0.0,0.0,,0.0,,,,
CCOC(=O)NC(NCc1ccccc1)(C(F)(F)F)C(F)(F)F,0.0,0.0,0.0,0.0,0.0,0.0,0.0,0.0,0.0,0.0,0.0,0.0,0.0,0.0,0.0,0.0,0.0,0.0,0.0,0.0,0.0,0.0,,,,
Nc1cc(OCC(F)(F)F)cc(OCC(F)(F)F)c1,,0.0,0.0,0.0,0.0,0.0,,0.0,0.0,0.0,,,0.0,0.0,0.0,0.0,0.0,0.0,0.0,0.0,0.0,0.0,,,,
NC(=O)c1ccc(OCC(F)(F)C(F)(F)C(F)(F)C(F)(F)C(F)(F)C(F)F)cc1,0.0,0.0,,0.0,0.0,0.0,0.0,0.0,0.0,0.0,0.0,0.0,0.0,0.0,,0.0,0.0,0.0,0.0,0.0,0.0,0.0,,,,0.0
O=C(Nc1nccs1)C(F)(F)C(F)(F)C(F)(F)C(=O)Nc1nccs1,,0.0,0.0,0.0,0.0,,1.0,1.0,0.0,0.0,0.0,0.0,0.0,0.0,0.0,0.0,0.0,0.0,0.0,0.0,0.0,0.0,,,,
O=C(Nc1ccc(Cl)c(C(F)(F)F)c1)c1cc2nc(-c3ccc4c(c3)OCO4)cc(C(F)(F)F)n2n1,,,0.0,,,,0.0,0.0,0.0,,0.0,0.0,,,0.0,0.0,,0.0,0.0,,0.0,0.0,,,,
COc1cc(/C=C(\C#N)C(=O)Nc2nnc(C(F)(F)F)s2)ccc1OCc1ccc(C(F)(F)F)cc1C(F)(F)F,,,,,0.0,0.0,1.0,,,,0.0,,,,,0.0,,,,,,,,,,
CNC(=O)c1cc(OCC(F)(F)F)ccc1OCC(F)(F)F,,0.0,0.0,0.0,0.0,0.0,0.0,0.0,0.0,0.0,0.0,0.0,0.0,0.0,0.0,0.0,0.0,0.0,,0.0,0.0,0.0,,,,
Cc1cc2ccccc2n1CCNC(=O)c1cc(C(F)(F)F)cc(C(F)(F)F)c1,,,0.0,,,,0.0,0.0,0.0,,0.0,0.0,,,0.0,0.0,,,,,0.0,0.0,,,,
CCC(=O)NC(Nc1cc(C)ccn1)(C(F)(F)F)C(F)(F)F,,0.0,0.0,0.0,0.0,0.0,0.0,0.0,0.0,,0.0,0.0,0.0,0.0,0.0,0.0,0.0,0.0,0.0,0.0,0.0,0.0,,,,
O=C(Nc1cc(C(F)(F)F)cc(C(F)(F)F)c1)c1cccn(Cc2ccccc2Cl)c1=O,,,,,,,0.0,0.0,,,,0.0,,,0.0,0.0,,,,,0.0,0.0,,,,
CC(NC(=O)NCc1cccnc1)(C(F)(F)F)C(F)(F)F,0.0,0.0,0.0,0.0,0.0,0.0,0.0,0.0,0.0,0.0,0.0,0.0,0.0,0.0,0.0,0.0,0.0,0.0,0.0,0.0,,0.0,,,,
Oc1ccc(Oc2ccc3c(C(F)(F)F)cc(C(F)(F)F)nc3n2)cc1,0.0,0.0,0.0,,0.0,0.0,0.0,0.0,,1.0,,,,,0.0,,0.0,1.0,1.0,0.0,,,,,,
O=S(=O)(c1ccccc1)N1CCC[C@@]2(CCN(Cc3cc(C(F)(F)F)cc(C(F)(F)F)c3)C2)C1,0.0,,,,0.0,0.0,0.0,,,,,,,,,,,,,,,,0.0,1.0,0.0,0.0
N#Cc1ccc(CN2CCCC3(CCN(C(=O)c4cc(C(F)(F)F)cc(C(F)(F)F)c4)CC3)C2)cc1,0.0,,,,0.0,0.0,0.0,,,,,,,,,,,,,,,,0.0,1.0,0.0,0.0
C[C@H](CO)N1C[C@H](C)[C@@H](CN(C)C(=O)Nc2ccc(C(F)(F)F)cc2)Oc2c(NC(=O)Nc3ccc(C(F)(F)F)cc3)cccc2C1=O,,,,,,,,0.0,,1.0,,1.0,,,1.0,1.0,,1.0,1.0,0.0,,,,,,
Cc1ccc(C(=O)Nc2cccc(C(F)(F)F)c2)cc1NC(=O)c1c[nH]c2cc(C(F)(F)F)ccc2c1=O,,,,,,,,0.0,0.0,,,0.0,0.0,0.0,0.0,0.0,0.0,,1.0,0.0,0.0,0.0,,,,
O=C(Nc1ccccc1)N1CCCC2(CCN(C(=O)c3cc(C(F)(F)F)cc(C(F)(F)F)c3)CC2)C1,0.0,,,,0.0,0.0,0.0,,,,,,,,,,,,,,,,0.0,1.0,0.0,0.0
COc1cc(/C=C/C(=O)NNc2c(F)c(F)cc(F)c2F)ccc1OC(F)F,,0.0,0.0,0.0,0.0,0.0,,0.0,0.0,,0.0,0.0,0.0,0.0,,,0.0,0.0,0.0,0.0,0.0,0.0,,,,
O=C1C(SC(F)(F)C(F)F)=C(C(F)(F)F)OC2C3C=CC(C3)C12,0.0,0.0,0.0,0.0,0.0,,,0.0,0.0,,0.0,0.0,0.0,0.0,,0.0,0.0,,0.0,0.0,0.0,0.0,,,,0.0
COc1ccc(-c2cc(C(F)(F)F)nc(S(=O)(=O)CCCC(=O)Nc3ccccc3C(F)(F)F)n2)cc1OC,,,0.0,,,,0.0,0.0,0.0,,0.0,1.0,,,0.0,,,1.0,1.0,,0.0,0.0,,,,
C#CCONC(=O)c1cc(OCC(F)(F)F)ccc1OCC(F)(F)F,0.0,0.0,0.0,0.0,0.0,0.0,0.0,0.0,0.0,0.0,0.0,0.0,0.0,0.0,0.0,0.0,0.0,0.0,0.0,0.0,,,,,,
CS(=O)(=O)NCCNC(=O)c1cc(OCC(F)(F)F)ccc1OCC(F)(F)F,0.0,0.0,0.0,0.0,0.0,0.0,0.0,0.0,0.0,0.0,,0.0,0.0,0.0,0.0,0.0,0.0,0.0,0.0,0.0,,,,,,
COCC(=O)N1CCC2(CC1)CN(Cc1cc(C(F)(F)F)cc(C(F)(F)F)c1)C2,0.0,,,,0.0,0.0,0.0,,,,,,,,,,,0.0,0.0,,,,,0.0,0.0,0.0
FC(F)(F)c1cccc(CON=C2CCN(c3ncc(C(F)(F)F)cc3Cl)CC2)c1,0.0,0.0,0.0,0.0,0.0,0.0,0.0,0.0,,0.0,0.0,0.0,0.0,0.0,0.0,0.0,0.0,,,0.0,,,,,,
O=C(NC(=O)c1c(F)cccc1F)Nc1cc(Cl)c(OC(F)(F)C(F)C(F)(F)F)cc1Cl,0.0,,,0.0,0.0,0.0,0.0,,,,,,,0.0,,,,0.0,0.0,,0.0,0.0,,0.0,,
NC1=NC[C@H](Cc2ccccc2)N1CCc1cc(C(F)(F)F)cc(C(F)(F)F)c1,,0.0,0.0,0.0,0.0,0.0,0.0,0.0,0.0,0.0,,,0.0,0.0,,,0.0,1.0,1.0,0.0,,,,,,
CCn1nc(C)c(/C=N/NC(=O)C(F)(F)C(F)(F)C(F)(F)C(F)(F)C(F)(F)C(F)(F)F)c1C,0.0,0.0,0.0,0.0,,,0.0,0.0,0.0,,,0.0,0.0,0.0,0.0,0.0,0.0,0.0,0.0,0.0,,,,,,
O=C(CC(=O)Nc1ccccc1C(F)(F)F)Nc1ccccc1C(F)(F)F,,,,,0.0,0.0,0.0,0.0,0.0,0.0,,0.0,0.0,0.0,0.0,0.0,0.0,0.0,0.0,0.0,,,,,,
O=C(Nc1ccccn1)NC(C(F)(F)F)C(F)(F)F,0.0,0.0,0.0,0.0,0.0,0.0,,0.0,0.0,0.0,0.0,0.0,0.0,0.0,0.0,0.0,0.0,0.0,0.0,0.0,,,,,,
FC(F)(F)c1cc(CN2CCCC3(CCNCC3)C2)cc(C(F)(F)F)c1,0.0,,,,0.0,0.0,0.0,,,,,,,,,,,1.0,,,,,0.0,1.0,,0.0
O=C(NNc1ccccc1Cl)C(O)(c1cccc(C(F)(F)F)c1)c1cccc(C(F)(F)F)c1,,1.0,,,0.0,,,0.0,,0.0,1.0,1.0,,1.0,1.0,,,1.0,,0.0,,,,,,
CN1CCC2(CC1)CCN(C(=O)c1cc(C(F)(F)F)cc(C(F)(F)F)c1)CC2,0.0,,,,0.0,0.0,0.0,,,,,,,,,,,0.0,0.0,,,,0.0,0.0,0.0,0.0
CCOC(=O)NC(NCCc1ccccc1)(C(F)(F)F)C(F)(F)F,0.0,0.0,0.0,0.0,0.0,0.0,0.0,0.0,0.0,0.0,0.0,0.0,0.0,0.0,0.0,0.0,0.0,0.0,0.0,0.0,0.0,0.0,,,,
O=S(=O)(c1ccccc1C(F)(F)F)N1CCN(S(=O)(=O)c2ccccc2C(F)(F)F)CC1,0.0,0.0,0.0,0.0,0.0,0.0,0.0,0.0,0.0,0.0,0.0,0.0,0.0,0.0,0.0,0.0,0.0,0.0,,0.0,,,,,,
O=C(CSc1nc(-c2ccco2)cc(C(F)(F)F)n1)Nc1ccccc1C(F)(F)F,0.0,0.0,0.0,,0.0,0.0,0.0,0.0,0.0,0.0,,0.0,0.0,0.0,0.0,,,,,0.0,,0.0,,,,
Cc1ccc(F)cc1-c1cc(C(=O)NCc2cc(C(F)(F)F)cc(C(F)(F)F)c2)[nH]n1,,,,,,,,,,,,0.0,,,0.0,,,,1.0,0.0,0.0,0.0,,,,
CC(=O)N[C@@H](Cc1c[nH]c2ccccc12)C(=O)OCc1cc(C(F)(F)F)cc(C(F)(F)F)c1,0.0,,0.0,,0.0,,0.0,,0.0,0.0,,,0.0,0.0,,0.0,0.0,0.0,0.0,0.0,0.0,0.0,1.0,1.0,0.0,0.0
O=C(/C(=N/Nc1cccc(C(F)(F)F)c1)C(=O)C(F)(F)F)c1cccs1,0.0,,0.0,0.0,,,1.0,1.0,0.0,0.0,,1.0,0.0,1.0,,,,1.0,,0.0,0.0,,,,,
O=C(Nc1cccc(F)c1)N1CC2(CCN(C(=O)c3cc(C(F)(F)F)cc(C(F)(F)F)c3)CC2)C1,0.0,,,,0.0,0.0,0.0,,,,,,,,,,,,,,,,0.0,,0.0,0.0
O=C(Nc1cccc(F)c1)N1CCCC2(CCN(C(=O)c3cc(C(F)(F)F)cc(C(F)(F)F)c3)CC2)C1,0.0,,,,0.0,0.0,0.0,,,,,,,,,,,,,,,,0.0,1.0,0.0,0.0
CCSc1nnc(NC(=O)NC(CC)(C(F)(F)F)C(F)(F)F)s1,0.0,,0.0,,,0.0,,0.0,,,,1.0,0.0,,1.0,,1.0,1.0,,0.0,,1.0,,,,
CCC(C)Nc1nc(OCC(F)(F)F)nc(OCC(F)(F)F)n1,0.0,0.0,0.0,0.0,0.0,0.0,,0.0,0.0,0.0,0.0,0.0,0.0,0.0,0.0,0.0,0.0,0.0,0.0,0.0,0.0,0.0,,,,0.0
O=c1[nH]c2cc(C(F)(F)F)ccc2n1-c1cc(C(F)(F)F)ccc1O,0.0,,0.0,,,,0.0,0.0,0.0,0.0,0.0,,0.0,0.0,0.0,0.0,0.0,0.0,0.0,0.0,0.0,0.0,1.0,,0.0,0.0
O=c1[nH][nH]c2nc(C(F)(F)F)cc(C(F)(F)F)c12,0.0,0.0,0.0,0.0,0.0,0.0,0.0,0.0,,0.0,0.0,0.0,0.0,0.0,0.0,0.0,0.0,0.0,0.0,0.0,,,,,,0.0
CC(C)c1cc(C(F)(F)F)nc(NNc2nc(C(C)C)cc(C(F)(F)F)n2)n1,0.0,,,,,,,,,,,0.0,,,,,0.0,,0.0,0.0,0.0,0.0,0.0,1.0,1.0,1.0
CC(NC(=O)Nc1nnc(C(F)(F)F)s1)(C(F)(F)F)C(F)(F)F,0.0,1.0,0.0,1.0,1.0,1.0,0.0,0.0,1.0,1.0,,,1.0,1.0,1.0,,1.0,1.0,1.0,0.0,1.0,1.0,,,,
O=c1oc(-c2cccc(C(F)(F)F)c2)nn1-c1ccc(C(F)(F)F)cn1,0.0,0.0,0.0,0.0,0.0,0.0,,0.0,0.0,,0.0,0.0,0.0,,0.0,0.0,,0.0,0.0,0.0,0.0,0.0,,,,
CC(=O)N1CCC2(CCN(Cc3cc(C(F)(F)F)cc(C(F)(F)F)c3)CC2)CC1,0.0,,,,0.0,0.0,0.0,,,,,,,,,,,,0.0,,,,0.0,0.0,0.0,0.0
O=c1[nH]c(=O)n(Cc2ccccc2)c2c1C(C(F)(F)F)(C(F)(F)F)N=C(c1ccco1)N2,0.0,0.0,0.0,,0.0,0.0,0.0,0.0,,0.0,0.0,0.0,1.0,0.0,0.0,0.0,0.0,,,0.0,,,,,,
COCCn1nc2cc(C(=O)NCc3cc(C(F)(F)F)cc(C(F)(F)F)c3)ccc2c1OC,,0.0,0.0,0.0,0.0,0.0,0.0,0.0,,0.0,0.0,0.0,0.0,0.0,,0.0,0.0,0.0,,0.0,0.0,0.0,,,,
CC(=O)N1CCC2(CC1)CN(Cc1cc(C(F)(F)F)cc(C(F)(F)F)c1)C2,0.0,,,,0.0,0.0,0.0,,,,,,,,,,,0.0,0.0,,,,0.0,0.0,0.0,0.0
CCSc1nnc(NC(=O)C(C(F)(F)F)C(F)(F)F)s1,1.0,0.0,,,0.0,0.0,0.0,0.0,0.0,0.0,0.0,0.0,0.0,,0.0,0.0,0.0,,,1.0,,,,,,
Cc1ccc(N2C(=O)NC(C(F)(F)F)(C(F)(F)F)C3=C2CC(C)(C)CC3=O)cc1,0.0,0.0,0.0,0.0,0.0,0.0,0.0,0.0,0.0,0.0,0.0,,0.0,0.0,0.0,0.0,0.0,,0.0,0.0,0.0,0.0,,,,
O=C(c1cc(C(F)(F)F)cc(C(F)(F)F)c1)N1CCC[C@@]2(CCN(Cc3ccncc3)C2)C1,0.0,,,,0.0,0.0,,,,,,,,,,,,,0.0,,,,1.0,1.0,1.0,
O=C(NNS(=O)(=O)c1ccccc1C(F)(F)F)c1cc2ncc(C(F)(F)F)cc2s1,0.0,0.0,0.0,0.0,0.0,0.0,0.0,,0.0,0.0,0.0,0.0,,0.0,0.0,0.0,0.0,0.0,,0.0,0.0,0.0,,,,
Nc1c(-c2ccc(Cl)cc2)cnn1-c1cc(C(F)(F)F)cc(C(F)(F)F)c1,,0.0,0.0,0.0,0.0,0.0,0.0,0.0,0.0,0.0,,0.0,0.0,0.0,0.0,0.0,0.0,,,0.0,,0.0,,,,
O=C(c1cc(C(F)(F)F)cc(C(F)(F)F)c1)N1CCC[C@@]2(CCN(c3ccccn3)C2)C1,0.0,,,,0.0,0.0,0.0,,,,,,,,,,,,1.0,,,,0.0,1.0,,1.0
O=c1cc(C(F)(F)F)[nH]c(-c2ccccc2OC(F)(F)F)n1,0.0,,0.0,0.0,0.0,0.0,,0.0,,0.0,,0.0,0.0,0.0,0.0,0.0,0.0,0.0,0.0,0.0,,,,,,
COc1cccc(/C=N\NC(=O)c2cc(OCC(F)(F)F)ccc2OCC(F)(F)F)c1,0.0,0.0,0.0,0.0,0.0,0.0,0.0,0.0,,0.0,0.0,0.0,0.0,0.0,0.0,0.0,0.0,,,0.0,,0.0,,,,
FC(F)(F)c1cc(CCN2CCNC[C@@H]2CC2CCCCC2)cc(C(F)(F)F)c1,,,,,,,,,,0.0,,,0.0,1.0,0.0,1.0,,,1.0,0.0,,,,,,
FC(F)(F)c1cc(CCN2CCNC[C@@H]2c2ccccc2)cc(C(F)(F)F)c1,,,,,,,,0.0,0.0,0.0,,,0.0,0.0,0.0,1.0,0.0,,1.0,0.0,0.0,,,,,
Cc1cc(NC(=O)NC(C(F)(F)F)C(F)(F)F)no1,0.0,0.0,0.0,0.0,0.0,0.0,0.0,0.0,0.0,0.0,0.0,0.0,0.0,0.0,0.0,0.0,0.0,0.0,0.0,0.0,0.0,0.0,,,,
COC(=O)c1cnc(NNS(=O)(=O)c2ccc(C(F)(F)F)cc2)nc1C(F)(F)F,,0.0,0.0,0.0,0.0,0.0,,,0.0,,,,0.0,0.0,0.0,0.0,0.0,0.0,0.0,0.0,,,,,,
CCCCn1c(SCC(=O)Nc2cc(C(F)(F)F)cc(C(F)(F)F)c2)nnc1C(CC)N(C)C,0.0,0.0,0.0,0.0,0.0,0.0,0.0,0.0,1.0,0.0,,0.0,0.0,,,0.0,0.0,1.0,1.0,0.0,0.0,,,,,
Cc1nc(C(F)(F)F)c(C(=O)NC(=O)Nc2ccc(OC(F)(F)F)cc2)s1,0.0,0.0,0.0,0.0,0.0,0.0,0.0,0.0,,0.0,0.0,,0.0,0.0,,0.0,0.0,,,0.0,,,,,,
CCC(NC(=O)Nc1nccs1)(C(F)(F)F)C(F)(F)F,0.0,0.0,0.0,0.0,0.0,0.0,,0.0,0.0,0.0,0.0,0.0,0.0,0.0,,0.0,0.0,0.0,0.0,0.0,,0.0,,,,
OC1(C(F)(F)F)CC(O)(C(F)(F)F)N2NC(c3ccccc3)=CC2=N1,0.0,0.0,0.0,0.0,,,0.0,0.0,0.0,,0.0,0.0,0.0,,0.0,0.0,0.0,0.0,0.0,0.0,,,,,,
O=c1c(-c2ncc(C(F)(F)F)cc2Cl)c[nH]c2c(F)c(F)c(F)cc12,0.0,0.0,0.0,0.0,0.0,0.0,0.0,0.0,,,0.0,,0.0,,0.0,0.0,0.0,,,0.0,0.0,0.0,,,,
COC(=O)C1=C(c2ccc(Cl)c(C(F)(F)F)c2)C[C@@H]2CC[C@H]1N2C(=O)NCc1cc(C)oc1C(F)(F)F,,,,,,,0.0,0.0,,0.0,,,0.0,0.0,,,0.0,1.0,,0.0,0.0,,,,,
O=C(Nc1cc(OC(=O)C(F)(F)F)c2nonc2c1OC(=O)C(F)(F)F)C(F)(F)F,,,,,,,,0.0,0.0,,,,,,,,,1.0,1.0,,,,,,,
CC(C)(C)NCCC(O)c1cc(C(F)(F)F)nc2c(C(F)(F)F)cccc12,,,,,,,,0.0,0.0,,,,0.0,0.0,,0.0,0.0,1.0,1.0,0.0,,,,,,
O=C(/C=C/Nc1ccc(OC(F)(F)F)cc1)C(F)(F)F,0.0,0.0,0.0,0.0,0.0,0.0,0.0,0.0,0.0,0.0,0.0,0.0,0.0,0.0,0.0,0.0,0.0,0.0,0.0,0.0,,0.0,,,,
O=c1[nH]c(=O)n(-c2ccccc2)c2c1C(C(F)(F)F)(C(F)(F)F)N=C(C1CCCCC1)N2,,0.0,0.0,0.0,0.0,0.0,0.0,1.0,0.0,0.0,0.0,0.0,0.0,0.0,0.0,0.0,0.0,1.0,,,0.0,0.0,,,,
C=CCONC(=O)c1cc(OCC(F)(F)F)ccc1OCC(F)(F)F,0.0,0.0,0.0,0.0,0.0,0.0,0.0,0.0,0.0,,0.0,0.0,0.0,0.0,0.0,0.0,0.0,0.0,0.0,0.0,,,,,,
Cc1nn(C)c(C)c1/C=N/NC(=O)C(F)(F)C(F)(F)C(F)(F)C(F)(F)C(F)(F)C(F)(F)F,0.0,0.0,0.0,0.0,1.0,1.0,0.0,0.0,0.0,0.0,0.0,0.0,0.0,0.0,0.0,0.0,0.0,0.0,0.0,0.0,,,,,,
O=C(NC1CC1)c1cc(OCC(F)(F)F)ccc1OCC(F)(F)F,,0.0,0.0,0.0,0.0,0.0,0.0,0.0,0.0,0.0,0.0,0.0,0.0,0.0,0.0,0.0,0.0,0.0,0.0,0.0,0.0,0.0,,,,
O=C(O)CNC(=O)[C@H]1NC(C(F)(F)F)(C(F)(F)F)OC1(C(F)(F)F)C(F)(F)F,0.0,,,,,,,,,,,,,,,,,,,,,,0.0,0.0,0.0,0.0
CCC(C)c1ccc(NC(=O)COc2c(F)c(F)c(C(F)(F)F)c(F)c2F)cc1,,0.0,0.0,0.0,,,0.0,0.0,0.0,0.0,0.0,,0.0,,,,0.0,,,0.0,0.0,0.0,,,,
O=S(=O)(c1ccc(OC(F)(F)F)cc1)N1CCC(O)(c2cccc(C(F)(F)F)c2)CC1,,,,,0.0,,0.0,0.0,,0.0,,,0.0,0.0,,0.0,0.0,,,1.0,,,,,,
O=C(c1cc(C(F)(F)F)cc(C(F)(F)F)c1)N1CCC2(CC1)CN(c1ncccn1)C2,0.0,,,,0.0,0.0,0.0,,,,,,,,,,,,,,,,0.0,0.0,0.0,0.0
Cc1ccc(NC(=O)OCC(F)(F)C(F)F)cc1NC(=O)OCC(F)(F)C(F)F,0.0,0.0,0.0,0.0,0.0,0.0,0.0,0.0,1.0,0.0,0.0,0.0,0.0,0.0,,0.0,0.0,0.0,0.0,0.0,,,,,,0.0
O=C(NC(=S)Nc1ccccc1Cl)c1cnn2c(C(F)(F)F)cc(C(F)(F)F)nc12,0.0,0.0,0.0,0.0,0.0,0.0,0.0,0.0,0.0,0.0,,0.0,0.0,0.0,0.0,0.0,0.0,,,0.0,,,,,,
O=C1C=C(c2cc(C(F)(F)F)cc(C(F)(F)F)c2)C[C@@H](c2ccc3c(c2)OCO3)C1,,,,,,,0.0,0.0,,0.0,,,0.0,0.0,,0.0,0.0,,,0.0,0.0,0.0,,,,
Cc1ccc(-c2cc(C(F)(F)F)n3nc(C(=O)Nc4ccc(Cl)c(C(F)(F)F)c4)cc3n2)cc1,,,0.0,,,,0.0,0.0,0.0,,0.0,0.0,,,0.0,0.0,,0.0,0.0,,0.0,0.0,,,,
COc1ccc(NS(=O)(=O)c2ccc(NC(=O)C(C)(C(F)(F)F)C(F)(F)F)cc2)nn1,0.0,0.0,0.0,0.0,0.0,0.0,,0.0,0.0,0.0,0.0,0.0,0.0,0.0,0.0,0.0,0.0,0.0,0.0,0.0,0.0,0.0,,,,0.0
Nc1ccc(-n2nc(C(F)(F)F)cc2C(F)(F)F)cc1,0.0,0.0,0.0,0.0,0.0,0.0,,0.0,0.0,0.0,0.0,0.0,0.0,0.0,0.0,0.0,0.0,0.0,0.0,0.0,0.0,0.0,,,,
O=C(NC(Nc1ncc(S(=O)(=O)c2ccc([N+](=O)[O-])cc2)s1)(C(F)(F)F)C(F)(F)F)c1ccc(Cl)cc1,0.0,1.0,,,1.0,,,,1.0,,1.0,,1.0,1.0,,,1.0,1.0,,0.0,1.0,,,,,
CCOC(=O)NC(C(F)(F)F)(C(F)(F)F)P(=O)(c1ccccc1)c1ccccc1,0.0,0.0,0.0,0.0,0.0,0.0,,,0.0,0.0,0.0,0.0,0.0,0.0,0.0,0.0,0.0,0.0,,0.0,0.0,0.0,,,,0.0
O=C(/C=C/Nc1cccc(C(F)(F)F)c1)C(F)(F)F,0.0,0.0,0.0,0.0,0.0,0.0,,0.0,0.0,0.0,0.0,0.0,0.0,0.0,0.0,0.0,0.0,0.0,0.0,0.0,,,,,,
Cc1nc(-c2cc(-c3nc(-c4cc(C(F)(F)F)cc(C(F)(F)F)c4)no3)no2)cs1,0.0,0.0,,0.0,0.0,0.0,,0.0,0.0,0.0,0.0,0.0,0.0,0.0,0.0,0.0,0.0,,,0.0,,,,,,
CC(NC(=O)NCCCn1ccnc1)(C(F)(F)F)C(F)(F)F,0.0,0.0,0.0,0.0,0.0,0.0,0.0,0.0,0.0,0.0,0.0,0.0,0.0,0.0,0.0,0.0,0.0,0.0,0.0,0.0,0.0,0.0,,,,
CCOC(=O)NC(Nc1cc(C)ccn1)(C(F)(F)F)C(F)(F)F,0.0,0.0,0.0,0.0,0.0,0.0,,0.0,,0.0,0.0,0.0,0.0,0.0,0.0,0.0,0.0,0.0,0.0,0.0,,0.0,,,,0.0
O=C(CCS(=O)(=O)c1nc(-c2ccc3c(c2)OCO3)cc(C(F)(F)F)n1)Nc1ccccc1C(F)(F)F,,,0.0,,,,0.0,0.0,0.0,,0.0,,,,,0.0,,1.0,,,0.0,0.0,,,,
FC(F)(F)c1cc(C(F)(F)F)c2ccc(N3CCN(c4ncccn4)CC3)nc2n1,0.0,0.0,0.0,0.0,0.0,0.0,0.0,0.0,0.0,0.0,0.0,0.0,0.0,0.0,0.0,0.0,0.0,0.0,0.0,0.0,0.0,0.0,,,,
FC(F)(F)c1nc(Sc2ncccc2C(F)(F)F)n[nH]1,0.0,0.0,0.0,0.0,0.0,0.0,,0.0,0.0,0.0,,0.0,0.0,0.0,0.0,0.0,0.0,0.0,0.0,0.0,,,,,,
FC(F)(F)c1ccnc(Sc2n[nH]c(C(F)(F)F)n2)c1,0.0,0.0,0.0,0.0,0.0,0.0,,0.0,,0.0,0.0,0.0,0.0,0.0,0.0,0.0,0.0,,0.0,0.0,0.0,0.0,,,,
Nc1ccn([C@@H]2O[C@H](C(=O)Nc3cc(C(F)(F)F)cc(C(F)(F)F)c3)[C@@H](O)[C@H]2O)c(=O)n1,,,,,,,,,,,,0.0,,,0.0,0.0,0.0,0.0,0.0,0.0,0.0,0.0,,,,
C/C(=C\C(=O)C(F)(F)F)Nc1ccc(C(F)(F)F)cc1,1.0,0.0,0.0,0.0,0.0,0.0,0.0,0.0,0.0,0.0,,0.0,0.0,0.0,0.0,,0.0,0.0,0.0,0.0,,0.0,,,,
CCC[C@H](CN[C@@H](CNC)[C@H](C)CC)NCCc1cc(C(F)(F)F)cc(C(F)(F)F)c1,,,,,,,0.0,0.0,0.0,1.0,,1.0,0.0,,,1.0,,1.0,1.0,0.0,,1.0,,,,
COCC(=O)N1CCC2(CCN(Cc3cc(C(F)(F)F)cc(C(F)(F)F)c3)CC2)CC1,0.0,,,,0.0,0.0,0.0,,,,,,,,,,,,0.0,,,,0.0,0.0,0.0,0.0
Nc1cccc(Nc2nc(OC(C(F)(F)F)C(F)(F)F)nc(OC(C(F)(F)F)C(F)(F)F)n2)c1,0.0,,0.0,,0.0,,0.0,0.0,,,,,0.0,,1.0,0.0,,1.0,1.0,0.0,0.0,1.0,,,,
OC(c1cc(-c2ccc(C(F)(F)F)cc2)nc(C(F)(F)F)c1)C1CCCCN1,0.0,,,0.0,1.0,,0.0,0.0,0.0,,,1.0,0.0,1.0,,1.0,,1.0,1.0,0.0,,1.0,,,,
Cn1nc(C(F)(F)F)c(-c2cccc(C(F)(F)F)c2)c1NC(=O)c1nccnc1C(=O)O,,0.0,0.0,0.0,0.0,0.0,,0.0,0.0,0.0,0.0,0.0,0.0,0.0,0.0,0.0,0.0,,0.0,0.0,0.0,0.0,,,,
O=C(Nc1cc(C(F)(F)F)cc(C(F)(F)F)c1)O[C@@H]1c2ccccc2[C@@H]2Cc3csc[n+]3[C@H]12,,,,,,,,,,,,,,,0.0,0.0,0.0,0.0,0.0,0.0,0.0,0.0,,,,
COc1cc(NC(=O)NC(C)(C(F)(F)F)C(F)(F)F)cc(OC)c1OC,0.0,0.0,0.0,0.0,0.0,0.0,1.0,0.0,0.0,0.0,0.0,0.0,0.0,0.0,,0.0,0.0,,0.0,0.0,0.0,0.0,,,,
Nc1ccc2c(C(F)(F)F)cc(C(F)(F)F)nc2n1,,0.0,0.0,0.0,0.0,0.0,0.0,0.0,,0.0,0.0,0.0,0.0,,0.0,0.0,0.0,0.0,0.0,0.0,0.0,0.0,,,,
Cc1cccc(C2=NC(C(F)(F)F)(C(F)(F)F)c3c(n(-c4ccc(F)cc4)c(=O)[nH]c3=O)N2)c1,,0.0,0.0,0.0,0.0,,0.0,0.0,0.0,1.0,,,,,0.0,0.0,0.0,1.0,1.0,0.0,,0.0,,,,
CCOCCOC(NC(=O)c1ccccc1)(C(F)(F)F)C(F)(F)F,0.0,0.0,0.0,0.0,0.0,0.0,0.0,0.0,0.0,0.0,0.0,0.0,0.0,0.0,0.0,0.0,0.0,0.0,0.0,0.0,0.0,0.0,,,,
CNC(=O)c1cccn(Cc2cc(C(F)(F)F)cc(C(F)(F)F)c2)c1=O,0.0,0.0,0.0,,0.0,0.0,0.0,0.0,1.0,1.0,0.0,0.0,0.0,,0.0,,,,,,0.0,0.0,,,,
Cc1cc(OCC(F)(F)C(F)(F)C(F)(F)C(F)F)nc(N)n1,0.0,0.0,0.0,0.0,0.0,0.0,0.0,0.0,,,0.0,,0.0,0.0,0.0,0.0,0.0,0.0,0.0,0.0,0.0,0.0,,,,
O=C(NCc1ccco1)C1CC(c2cc(C(F)(F)F)cc(C(F)(F)F)c2)=NO1,,0.0,0.0,0.0,0.0,0.0,0.0,0.0,0.0,0.0,,0.0,0.0,1.0,,0.0,1.0,1.0,1.0,0.0,0.0,0.0,,,,
Cc1noc(C)c1C(=O)N1CCC[C@@]2(CCN(Cc3cc(C(F)(F)F)cc(C(F)(F)F)c3)C2)C1,0.0,,,,0.0,0.0,0.0,,,,,,,,,,,,0.0,,,,0.0,,0.0,0.0
O=C(c1cc(C(F)(F)F)cc(C(F)(F)F)c1)N1CCC2(CC1)CN(c1ccccn1)C2,,,,,1.0,0.0,0.0,,,,,,,,,,,1.0,1.0,,,,0.0,0.0,,0.0
CCOC(=O)C(NC(=O)NCc1cccc(C(F)(F)F)c1)(OCC)C(F)(F)F,0.0,,0.0,0.0,0.0,0.0,0.0,0.0,0.0,0.0,0.0,0.0,0.0,0.0,0.0,0.0,0.0,0.0,0.0,0.0,0.0,0.0,,,,
O=C(NNS(=O)(=O)c1ccc(C(F)(F)F)cc1)c1cnn(-c2ccccc2)c1C(F)(F)F,,0.0,0.0,0.0,0.0,0.0,,0.0,0.0,0.0,,0.0,0.0,0.0,0.0,0.0,0.0,0.0,0.0,0.0,,,,,,
CC(=O)OCc1c(C(F)(F)F)nn(C)c1Oc1cccc(C(F)(F)F)c1,0.0,0.0,0.0,0.0,0.0,0.0,0.0,0.0,0.0,0.0,0.0,0.0,0.0,0.0,0.0,,0.0,0.0,0.0,0.0,,,,,,
CCC(=O)OCc1c(C(F)(F)F)nn(C)c1Oc1cccc(C(F)(F)F)c1,0.0,0.0,0.0,0.0,0.0,0.0,0.0,0.0,0.0,0.0,0.0,0.0,0.0,0.0,0.0,0.0,0.0,0.0,0.0,0.0,,,,,,
CCOc1ccc(Cl)cc1-c1cc(C(=O)NCc2cc(C(F)(F)F)cc(C(F)(F)F)c2)[nH]n1,,,,,,,,,,,,1.0,,,,,,,1.0,0.0,0.0,0.0,,,,
Cc1cc(NS(=O)(=O)c2ccc(NC(NC(=O)C(C(F)(F)F)C(F)(F)F)(C(F)(F)F)C(F)(F)F)cc2)no1,,0.0,0.0,0.0,0.0,0.0,,,,0.0,0.0,0.0,0.0,0.0,0.0,0.0,0.0,,,1.0,,0.0,,,,
CC(C)CNC(=O)c1cnn2c(C(F)(F)F)cc(C(F)(F)F)nc12,0.0,0.0,0.0,0.0,0.0,0.0,,0.0,0.0,0.0,,0.0,0.0,0.0,0.0,0.0,0.0,0.0,0.0,0.0,0.0,0.0,,,,
O=C(NCCN1CCCCC1)c1cc(OCC(F)(F)F)ccc1OCC(F)(F)F,0.0,0.0,0.0,0.0,0.0,0.0,0.0,0.0,0.0,0.0,0.0,0.0,0.0,0.0,0.0,0.0,0.0,0.0,0.0,0.0,,0.0,,,,
N#Cc1c(C(F)(F)F)cc(-c2cccs2)nc1SCC(=O)Nc1cccc(C(F)(F)F)c1,,,,,,,0.0,0.0,,,,0.0,,,0.0,0.0,,0.0,0.0,,,0.0,,,,
CCSc1nnc(NC(=O)C(C)(C(F)(F)F)C(F)(F)F)s1,0.0,0.0,0.0,1.0,,,,,1.0,,,0.0,1.0,0.0,0.0,0.0,,1.0,1.0,0.0,,,,,,
CCOC(=O)c1c(C(F)(F)C(F)(F)C(F)(F)C(F)(F)F)n[nH]c1C,0.0,0.0,1.0,0.0,0.0,0.0,,0.0,0.0,,,,0.0,0.0,1.0,0.0,0.0,0.0,,0.0,0.0,0.0,,,,
COc1ccc(NC(=O)NC(=O)c2cc(OCC(F)(F)F)ccc2OCC(F)(F)F)cc1,0.0,0.0,0.0,0.0,0.0,0.0,0.0,0.0,0.0,,,,0.0,,0.0,0.0,0.0,0.0,0.0,0.0,0.0,0.0,,,,
O=C(NC(=O)c1cc(OCC(F)(F)F)ccc1OCC(F)(F)F)Nc1ccccc1,0.0,,0.0,0.0,0.0,0.0,0.0,0.0,,0.0,,0.0,0.0,,0.0,0.0,0.0,,,0.0,,,,,,
CCOC(=O)NC(Nc1sc2c(c1C(=O)OC)CCN(C)C2)(C(F)(F)F)C(F)(F)F,0.0,0.0,0.0,0.0,0.0,0.0,0.0,0.0,,0.0,0.0,0.0,0.0,0.0,0.0,0.0,0.0,0.0,0.0,0.0,,0.0,,,,
CC(NC(=O)NC(N)=O)(C(F)(F)F)C(F)(F)F,0.0,0.0,0.0,0.0,0.0,0.0,0.0,0.0,0.0,0.0,0.0,0.0,0.0,0.0,0.0,0.0,0.0,0.0,0.0,0.0,0.0,0.0,,,,
C=CCN(N(C)c1ncc(C(F)(F)F)cc1Cl)S(=O)(=O)c1cccc(C(F)(F)F)c1,0.0,,0.0,0.0,0.0,0.0,0.0,0.0,0.0,0.0,0.0,0.0,0.0,0.0,,0.0,0.0,,,0.0,0.0,0.0,,,,
COc1ccc(F)cc1-c1cc(C(=O)NCc2cc(C(F)(F)F)cc(C(F)(F)F)c2)[nH]n1,,,,,,,,,,,,,,,,0.0,0.0,,1.0,0.0,0.0,0.0,,,,
CC(=O)c1ccc(Nc2nc(NCCO)nc(OC(C(F)(F)F)C(F)(F)F)n2)cc1,0.0,0.0,,0.0,0.0,0.0,0.0,0.0,0.0,,0.0,0.0,0.0,,,0.0,0.0,,,0.0,,0.0,,,,
Cn1cccc1C(=O)N1CCC2(CC1)CN(Cc1cc(C(F)(F)F)cc(C(F)(F)F)c1)C2,0.0,,,,0.0,0.0,0.0,,,,,,,,,,,,,,,,1.0,0.0,,1.0
O=C(O)C(F)(F)C(F)(F)C(F)(F)C(F)(F)C(=O)O,0.0,,,,,,,,,,,,,,,,,,,,,,0.0,0.0,0.0,0.0
Cc1csc(-c2cc(C(=O)NCc3cc(C(F)(F)F)cc(C(F)(F)F)c3)n[nH]2)c1,,,,,,,,,,,,0.0,,,,,,0.0,0.0,0.0,0.0,0.0,,,,
CCOC(=O)NC(Nc1cc(C)on1)(C(F)(F)F)C(F)(F)F,0.0,0.0,0.0,0.0,0.0,0.0,0.0,0.0,0.0,0.0,0.0,0.0,0.0,0.0,0.0,0.0,0.0,0.0,0.0,0.0,,0.0,,,,
O=C1C=C(c2cc(C(F)(F)F)cc(C(F)(F)F)c2)C[C@@H](c2ccc(Cl)cc2)C1,,,,,,,0.0,0.0,,0.0,,,0.0,0.0,0.0,0.0,0.0,,,0.0,,0.0,,,,
CCN1C(=O)[C@H]2[C@@H](c3ccc(C(F)(F)F)cc3)N[C@]3(CCCN(Cc4ccc(C(F)(F)F)cc4)C3=O)[C@H]2C1=O,,,,,,,,,,,,0.0,,,,0.0,0.0,1.0,1.0,0.0,0.0,,,,,
N#CC(c1cccc(Cl)c1)c1ccc2c(C(F)(F)F)cc(C(F)(F)F)nc2n1,,1.0,0.0,1.0,1.0,1.0,1.0,1.0,,,,1.0,,,1.0,1.0,1.0,1.0,1.0,0.0,,1.0,,,,
Oc1ccc(C[C@@H]2CNC(=S)N2CCc2cc(C(F)(F)F)cc(C(F)(F)F)c2)cc1,,0.0,0.0,0.0,,,,0.0,,0.0,,,0.0,0.0,,,0.0,,,0.0,0.0,0.0,,,,
O=S(=O)(c1ccccc1)N(CC(F)(F)F)c1ccc(C(O)(C(F)(F)F)C(F)(F)F)cc1,0.0,,,,0.0,1.0,0.0,,,,,,,,,1.0,,,,0.0,0.0,0.0,,,,
Cn1c(=O)c(C(=O)COC(=O)c2cc(C(F)(F)F)nc3c(C(F)(F)F)cccc23)c(N)n(CC2CC2)c1=O,0.0,0.0,,0.0,0.0,0.0,1.0,,,0.0,0.0,,,0.0,,,,,,,,,,1.0,,
CC(O)(CS(=O)(=O)c1cccc(C(F)(F)F)c1)C(=O)Nc1cccc(C(F)(F)F)c1,0.0,0.0,0.0,0.0,0.0,0.0,0.0,0.0,,0.0,0.0,0.0,0.0,0.0,0.0,0.0,0.0,,,0.0,,,,,,
FC(F)(F)c1cccc(-c2nnc3ccc(C(F)(F)F)cn23)c1,0.0,0.0,0.0,0.0,0.0,1.0,1.0,0.0,0.0,0.0,0.0,0.0,0.0,0.0,0.0,0.0,0.0,,,0.0,,,,,,0.0
O=C(NCCOCC(F)(F)C(F)F)c1cc(F)c(F)cc1Cl,0.0,0.0,0.0,0.0,0.0,0.0,0.0,0.0,0.0,0.0,0.0,0.0,0.0,0.0,0.0,0.0,0.0,0.0,0.0,0.0,0.0,0.0,,,,0.0
CC(NC(=O)Nc1cccnc1)(C(F)(F)F)C(F)(F)F,0.0,0.0,0.0,0.0,0.0,0.0,0.0,0.0,0.0,0.0,0.0,0.0,0.0,0.0,0.0,0.0,0.0,0.0,0.0,0.0,,,,,,
CCn1c(C)nc2cc(C(=O)OC(C(F)(F)C(F)F)C(F)(F)C(F)F)ccc21,0.0,,0.0,0.0,1.0,1.0,0.0,0.0,,,1.0,0.0,1.0,0.0,0.0,,0.0,1.0,,0.0,0.0,0.0,,,,
O=C(Nc1cccc(C(F)(F)F)c1)c1cc2nc(-c3ccc4c(c3)OCO4)cc(C(F)(F)F)n2n1,,,0.0,,,,0.0,0.0,0.0,,0.0,0.0,,,0.0,0.0,,0.0,0.0,,0.0,0.0,,,,
Cc1ccccc1C1=NC(C(F)(F)F)(C(F)(F)F)c2c(n(C)c(=O)n(C)c2=O)N1,0.0,0.0,0.0,0.0,0.0,0.0,0.0,0.0,0.0,,0.0,0.0,0.0,0.0,0.0,0.0,0.0,1.0,,0.0,0.0,0.0,,,,
COC(=O)c1c(NC(NC(=O)c2ccccc2)(C(F)(F)F)C(F)(F)F)sc2c1CCN(C)C2,,0.0,0.0,0.0,0.0,0.0,0.0,0.0,,0.0,0.0,0.0,0.0,,0.0,0.0,0.0,,,0.0,0.0,0.0,,,,
CCC(NC(=O)Nc1nnc(C(F)(F)F)s1)(C(F)(F)F)C(F)(F)F,0.0,0.0,0.0,1.0,1.0,,,0.0,1.0,1.0,1.0,,1.0,,,1.0,1.0,1.0,1.0,0.0,1.0,1.0,,,,
N/C(=N\OC(=O)c1cnn(-c2ccccc2)c1C(F)(F)F)c1ccc(C(F)(F)F)cc1,0.0,0.0,0.0,0.0,0.0,0.0,,0.0,0.0,0.0,0.0,0.0,0.0,0.0,0.0,0.0,0.0,,,0.0,0.0,0.0,,,,
FC(F)(F)COCC(F)(F)F,,,,0.0,0.0,0.0,0.0,,,,,,,0.0,,,,0.0,0.0,,,,,,,
COc1ccc(-c2cc(C(F)(F)F)n3nc(C(=O)Nc4ccc(Cl)cc4C(F)(F)F)cc3n2)cc1OC,,,0.0,,,,0.0,0.0,0.0,,0.0,0.0,,,0.0,0.0,,0.0,0.0,,0.0,0.0,,,,
CCOC(=O)C1=NN(C(=O)Nc2cccc(C(F)(F)F)c2)C2C(=O)N(c3cccc(C(F)(F)F)c3)C(=O)C12,0.0,0.0,0.0,0.0,0.0,0.0,0.0,0.0,0.0,0.0,0.0,0.0,0.0,0.0,,0.0,0.0,0.0,0.0,0.0,0.0,0.0,,,,
O=C(NNC(=O)c1cc(OCC(F)(F)F)ccc1OCC(F)(F)F)c1ccc(Cl)c(Cl)c1,0.0,,,,,,0.0,0.0,,,0.0,,0.0,,,0.0,0.0,,1.0,0.0,,0.0,,,,
O=C(NC(Nc1nc2ccc([N+](=O)[O-])cc2s1)(C(F)(F)F)C(F)(F)F)c1ccccc1Cl,,1.0,0.0,1.0,1.0,1.0,1.0,,1.0,,,1.0,1.0,1.0,0.0,,1.0,1.0,1.0,0.0,,,,,,
C[C@@]12CC(=O)NC1N(C(=O)c1cccc(C(F)(F)F)c1)C(c1ccccc1OC(=O)c1cccc(C(F)(F)F)c1)C2,0.0,,0.0,0.0,0.0,0.0,0.0,0.0,0.0,,,1.0,0.0,0.0,,,0.0,,,0.0,,0.0,,,,
O=C(NCCCn1ccnc1)NC(C(F)(F)F)C(F)(F)F,0.0,0.0,0.0,0.0,0.0,0.0,0.0,0.0,0.0,0.0,0.0,0.0,0.0,0.0,0.0,0.0,0.0,0.0,0.0,0.0,,,,,,0.0
O=C(O)COc1c(F)c(F)c(C(F)(F)F)c(F)c1F,0.0,0.0,0.0,0.0,0.0,0.0,,,0.0,0.0,0.0,0.0,0.0,0.0,0.0,0.0,0.0,0.0,0.0,0.0,,,,,,0.0
COc1cc(F)ccc1-c1cc(C(=O)NCc2cc(C(F)(F)F)cc(C(F)(F)F)c2)[nH]n1,,,,,,,,,,,,0.0,,,0.0,0.0,0.0,0.0,,0.0,0.0,0.0,,,,
CC[C@H](C(=O)c1cccs1)C(O)(C(F)(F)F)C(F)(F)F,0.0,,,,,,,,,,,,,,,,,,,,,,,0.0,1.0,0.0
CCOc1c2ccc(C(=O)NCc3cc(C(F)(F)F)cc(C(F)(F)F)c3)cc2nn1CCOC,,0.0,0.0,0.0,0.0,0.0,,0.0,,0.0,0.0,0.0,0.0,0.0,0.0,0.0,0.0,,0.0,0.0,0.0,0.0,,,,
CCn1nc2cc(C(=O)NCc3cc(C(F)(F)F)cc(C(F)(F)F)c3)ccc2c1OC,0.0,0.0,0.0,0.0,0.0,0.0,0.0,0.0,,,,0.0,0.0,0.0,0.0,,,0.0,0.0,0.0,0.0,0.0,,,,
Fc1c(F)c(C(F)(F)F)c(F)c(F)c1N/N=C\c1cccs1,0.0,,0.0,0.0,0.0,0.0,0.0,0.0,,0.0,0.0,,0.0,,0.0,0.0,,1.0,1.0,0.0,,,,,,
O=C(c1cc(C(F)(F)F)cc(C(F)(F)F)c1)N1CCC2(CCCN(Cc3ccccc3)C2)CC1,0.0,,,,0.0,0.0,0.0,,,,,,,,,,,0.0,0.0,,,,0.0,,0.0,0.0
CNc1nc(Nc2ccc(C(C)=O)cc2)nc(OC(C(F)(F)F)C(F)(F)F)n1,,0.0,0.0,,0.0,0.0,,0.0,,,,0.0,0.0,,,0.0,0.0,1.0,,0.0,,,,,,0.0
Oc1ccc(C[C@H]2CNCCN2CCc2cc(C(F)(F)F)cc(C(F)(F)F)c2)cc1,,,,,,,0.0,,0.0,0.0,,,0.0,0.0,,1.0,,,1.0,0.0,0.0,0.0,,,,
FC(F)(F)c1cc(CCN2CCNC[C@H]2Cc2cccc3ccccc23)cc(C(F)(F)F)c1,,,,,,,,,0.0,,,,0.0,1.0,,1.0,0.0,1.0,1.0,0.0,,0.0,,,,
O=C(NNc1ccccc1Br)C(O)(c1cccc(C(F)(F)F)c1)c1cccc(C(F)(F)F)c1,0.0,,,,,0.0,,0.0,,,0.0,1.0,0.0,,1.0,1.0,1.0,1.0,1.0,0.0,1.0,,,,,
CSc1nc(Oc2cccc(C(F)(F)F)c2)cc(C(F)(F)F)n1,0.0,0.0,0.0,0.0,0.0,0.0,0.0,0.0,0.0,0.0,,0.0,0.0,0.0,0.0,0.0,0.0,0.0,,1.0,0.0,0.0,,,,
Cc1ccc(C(=O)NNC(=O)c2cc(OCC(F)(F)F)ccc2OCC(F)(F)F)cc1,0.0,0.0,0.0,0.0,0.0,0.0,0.0,0.0,0.0,,0.0,0.0,0.0,0.0,,0.0,0.0,,0.0,0.0,,,,,,
OC(CNCc1ccccc1C(F)(F)F)C(F)(F)F,0.0,0.0,0.0,0.0,0.0,0.0,0.0,0.0,0.0,0.0,0.0,0.0,0.0,0.0,0.0,0.0,0.0,0.0,0.0,,,,,,,
CONC(=O)c1cc(OCC(F)(F)F)ccc1OCC(F)(F)F,0.0,0.0,0.0,0.0,0.0,0.0,0.0,0.0,0.0,0.0,0.0,0.0,0.0,0.0,0.0,0.0,0.0,0.0,0.0,0.0,,,,,,
Cn1nc(C(F)(F)F)cc1-c1ccc(/C=C(\C#N)C(=O)c2cccc(C(F)(F)F)c2)s1,0.0,0.0,0.0,0.0,0.0,0.0,0.0,0.0,0.0,,0.0,0.0,0.0,0.0,0.0,0.0,0.0,0.0,0.0,0.0,0.0,0.0,,,,
O=C(c1ccncc1)N1CCN(S(=O)(=O)c2cc(C(F)(F)F)cc(C(F)(F)F)c2)CC1,,,,,,,0.0,0.0,0.0,0.0,0.0,,0.0,,0.0,0.0,,0.0,,0.0,0.0,0.0,,,,
CCOC(=O)c1cc(C#N)c(N2CCN(C(=O)c3cccc(C(F)(F)F)c3)CC2)nc1C(F)(F)F,,,0.0,0.0,0.0,,0.0,0.0,,,1.0,,,0.0,,0.0,0.0,1.0,,0.0,0.0,0.0,,,,
Cc1c(C(=O)NCc2ccccc2C(F)(F)F)sc(=O)n1Cc1cccc(C(F)(F)F)c1,,,,,,,,,,,,0.0,,,,0.0,0.0,,,0.0,0.0,0.0,,,,
CCNC(=O)NCCNC(=O)c1cc(OCC(F)(F)F)ccc1OCC(F)(F)F,0.0,0.0,0.0,0.0,0.0,0.0,0.0,0.0,0.0,0.0,0.0,0.0,0.0,0.0,0.0,0.0,0.0,0.0,0.0,0.0,0.0,0.0,,,,
O=C(Nc1cccc(C(F)(F)F)c1)c1cccc(C(=O)Nc2cccc(C(F)(F)F)c2)c1,,,,,,,0.0,0.0,,,,0.0,,,0.0,,,1.0,1.0,,0.0,0.0,,,,
Nc1nc(C(F)(F)F)cc(=O)n1/N=C/c1ccccc1C(F)(F)F,0.0,0.0,0.0,0.0,0.0,0.0,0.0,0.0,0.0,0.0,0.0,0.0,0.0,0.0,0.0,0.0,0.0,0.0,0.0,0.0,,,,,,
O=c1[nH]c(=O)n(-c2ccccc2)c2c1C(C(F)(F)F)(C(F)(F)F)N=C(CCC1CCCCC1)N2,0.0,0.0,0.0,0.0,0.0,0.0,0.0,0.0,1.0,,,0.0,0.0,1.0,0.0,0.0,0.0,1.0,,0.0,0.0,0.0,,,,
Cc1ccc(-n2c3c(c(=O)[nH]c2=O)C(C(F)(F)F)(C(F)(F)F)N=C(C2CCCCC2)N3)cc1,,1.0,,0.0,0.0,0.0,0.0,0.0,,,0.0,,0.0,0.0,0.0,0.0,0.0,1.0,,0.0,0.0,0.0,,,,
Cc1cc(C(F)(F)F)n2nc(-c3cnn(C)c3C(F)(F)F)cc2n1,0.0,0.0,0.0,0.0,0.0,0.0,0.0,0.0,0.0,0.0,0.0,0.0,0.0,0.0,0.0,0.0,0.0,0.0,0.0,0.0,,,,,,
O=[N+]([O-])c1cc(C(F)(F)F)cc([N+](=O)[O-])c1Sc1n[nH]c(C(F)(F)F)n1,,0.0,0.0,0.0,,,,1.0,0.0,0.0,0.0,0.0,0.0,,0.0,0.0,0.0,1.0,,,0.0,0.0,,,,
O=c1c2c(C(F)(F)F)cc(C(F)(F)F)nc2[nH]n1-c1ccccc1,0.0,0.0,0.0,,0.0,0.0,1.0,,0.0,1.0,0.0,,,0.0,0.0,0.0,,,1.0,0.0,,,,,,
Cc1ccc(N)c(C(O)(C(F)(F)F)C(F)(F)F)c1,0.0,0.0,0.0,0.0,0.0,0.0,0.0,0.0,0.0,0.0,0.0,0.0,0.0,0.0,0.0,0.0,0.0,0.0,0.0,0.0,0.0,0.0,,,,
O=[N+]([O-])c1cc(C(F)(F)F)c(Cl)c([N+](=O)[O-])c1Nc1ncc(C(F)(F)F)cc1Cl,,,,,,,,,,,,1.0,,,,,,1.0,1.0,,,,,,,
O=C(NCc1cccnc1)NC(C(F)(F)F)C(F)(F)F,0.0,0.0,0.0,0.0,0.0,,0.0,0.0,0.0,0.0,0.0,0.0,0.0,0.0,0.0,0.0,0.0,0.0,0.0,0.0,,0.0,,,,
CCC(NC(=O)NNC(=O)c1ccncc1)(C(F)(F)F)C(F)(F)F,,0.0,0.0,0.0,0.0,0.0,0.0,0.0,0.0,0.0,0.0,0.0,0.0,0.0,0.0,0.0,0.0,0.0,0.0,0.0,0.0,0.0,,,,
CCC(NC(=O)Nc1cc(C)on1)(C(F)(F)F)C(F)(F)F,,0.0,0.0,0.0,0.0,0.0,0.0,0.0,0.0,,,,0.0,0.0,0.0,0.0,0.0,0.0,0.0,0.0,,,,,,
Cc1ccc(Cl)cc1NC(=O)CC(O)(C(F)(F)F)C(F)(F)F,0.0,0.0,0.0,1.0,,0.0,0.0,0.0,,0.0,,1.0,0.0,0.0,,,1.0,,1.0,0.0,,1.0,,,,1.0
O=C(c1[nH]c(C(F)(F)F)nc1-c1ccccc1)N1CCN(c2cccc(C(F)(F)F)n2)CC1,,,,,,,,,,,,1.0,,,,0.0,1.0,1.0,1.0,0.0,0.0,0.0,,,,
O=C(c1[nH]c(C(F)(F)F)nc1-c1ccccc1)N1CCN(c2ccc(C(F)(F)F)cn2)CC1,,,,,,,,,,,,0.0,,,,0.0,0.0,,0.0,0.0,0.0,0.0,,,,
O=C(c1[nH]c(C(F)(F)F)nc1-c1ccccc1)N1CCN(c2ncc(C(F)(F)F)cc2Cl)CC1,,,,,,,,,,,,,,,0.0,0.0,0.0,,,0.0,0.0,0.0,,,,
O=C(c1[nH]c(C(F)(F)F)nc1-c1ccccc1)N1CCN(c2ncccc2C(F)(F)F)CC1,,,,,,,,,,,,0.0,,,,0.0,,,,0.0,0.0,0.0,,,,
Nc1nc(N)c(-c2cccc(C(F)(F)F)c2)c(Cc2cccc(C(F)(F)F)c2)n1,0.0,,,,,,,0.0,1.0,,,,0.0,,,0.0,,1.0,1.0,0.0,1.0,1.0,,,,0.0
CCC(NC(=O)Nc1ccc(O)cc1)(C(F)(F)F)C(F)(F)F,0.0,0.0,,0.0,0.0,0.0,,0.0,,0.0,,0.0,0.0,0.0,0.0,0.0,0.0,0.0,0.0,0.0,,0.0,,,,
Cn1cc(NC(=O)Nc2ccc(C(F)(F)F)cc2)c(C(F)(F)F)n1,,0.0,0.0,0.0,0.0,0.0,0.0,0.0,,0.0,0.0,0.0,0.0,,,0.0,0.0,,,0.0,0.0,0.0,,,,
CS(=O)(=O)c1ccc2nc(NC(NC(=O)c3ccco3)(C(F)(F)F)C(F)(F)F)sc2c1,0.0,0.0,0.0,0.0,0.0,0.0,0.0,0.0,0.0,0.0,0.0,0.0,0.0,0.0,0.0,0.0,0.0,0.0,0.0,0.0,0.0,0.0,,,,
CCOC(=O)C(NC(=O)CCl)(Nc1ccc(C(O)(C(=O)OCC)C(F)(F)F)cc1)C(F)(F)F,0.0,0.0,0.0,0.0,0.0,0.0,0.0,0.0,0.0,0.0,0.0,0.0,0.0,0.0,0.0,0.0,0.0,,,0.0,,,,,,
CN(Cc1cn(Cc2cccc(C(F)(F)F)c2)nn1)C1CN(Cc2cn(Cc3cccc(C(F)(F)F)c3)nn2)S(=O)(=O)C1,,,,,,,,,,,,,,,0.0,0.0,0.0,1.0,1.0,0.0,0.0,0.0,,,,
N/C(=N\C(=O)c1ccc(OC(F)(F)F)cc1)c1ccc(C(F)(F)F)cn1,,0.0,0.0,0.0,0.0,0.0,0.0,0.0,0.0,0.0,0.0,0.0,0.0,0.0,0.0,0.0,0.0,0.0,0.0,0.0,0.0,0.0,,,,
N/C(=N\C(=O)c1cccc(C(F)(F)F)c1)c1ccc(C(F)(F)F)cn1,,0.0,0.0,0.0,0.0,0.0,0.0,0.0,0.0,0.0,,0.0,0.0,0.0,0.0,0.0,0.0,0.0,0.0,0.0,0.0,0.0,,,,
CC(O)(CS(=O)(=O)Cc1cccc(C(F)(F)F)c1)C(=O)Nc1cccc(C(F)(F)F)c1,0.0,0.0,0.0,0.0,0.0,,0.0,0.0,,0.0,0.0,,0.0,,0.0,,,0.0,0.0,0.0,,,,,,
O=C(NCCCCNC(=O)c1c(F)c(F)c(F)c(F)c1F)c1c(F)c(F)c(F)c(F)c1F,0.0,0.0,0.0,,0.0,0.0,0.0,0.0,0.0,0.0,0.0,0.0,0.0,0.0,0.0,0.0,0.0,0.0,0.0,0.0,,,,,,0.0
O=c1cc(CNc2cc(C(F)(F)F)cc(C(F)(F)F)c2)nc2sccn12,0.0,0.0,0.0,0.0,,0.0,0.0,0.0,,0.0,,,0.0,,,0.0,,,,0.0,0.0,,,,,
OC(c1ccccc1)(c1nc(-c2cccc(C(F)(F)F)c2)cs1)C(F)(F)F,,,,,,,,,,,,,,,,,1.0,,,0.0,0.0,0.0,,,,
CC(NC(=O)Nc1ccccc1O)(C(F)(F)F)C(F)(F)F,0.0,0.0,0.0,,0.0,0.0,0.0,0.0,0.0,0.0,0.0,0.0,0.0,0.0,,0.0,0.0,,,1.0,0.0,0.0,,,,0.0
O=C(c1c(F)c(F)c(F)c(F)c1F)N1CCN(c2cccc(C(F)(F)F)c2)CC1,0.0,,0.0,,0.0,0.0,,1.0,0.0,0.0,,0.0,0.0,,0.0,,,1.0,,1.0,,,,,,
CN1C(=O)[C@H]2[C@@H](c3ccc(C(F)(F)F)cc3)N[C@]3(CCCN(Cc4ccc(C(F)(F)F)cc4)C3=O)[C@H]2C1=O,,,,,,,,,,,,0.0,,,0.0,,0.0,1.0,1.0,0.0,0.0,,,,,
N/C(=N\OC(=O)c1cnn(-c2ccccc2)c1C(F)(F)F)c1cc(C(F)(F)F)cc(C(F)(F)F)c1,,0.0,0.0,0.0,0.0,0.0,0.0,0.0,0.0,0.0,0.0,0.0,0.0,0.0,,0.0,0.0,,0.0,0.0,0.0,0.0,,,,
FC(F)(F)c1cc(CCN2CCNC[C@@H]2Cc2ccccc2)cc(C(F)(F)F)c1,,,,,,,,,0.0,,,,0.0,,,1.0,0.0,,1.0,0.0,1.0,1.0,,,,
CSc1nn2c(C(F)(F)F)cc(C(F)(F)F)nc2c1C(N)=O,0.0,0.0,0.0,0.0,0.0,0.0,0.0,0.0,,0.0,,0.0,0.0,0.0,0.0,0.0,0.0,0.0,0.0,0.0,,,,,,
O=C(c1cc(C(F)(F)F)cc(C(F)(F)F)c1)N1CCC[C@@]2(CCN(Cc3nccs3)C2)C1,0.0,,,,0.0,0.0,0.0,,,,,,,,,,,0.0,0.0,,,,0.0,1.0,0.0,
CC(C)Oc1ccc(F)cc1-c1cc(C(=O)NCc2cc(C(F)(F)F)cc(C(F)(F)F)c2)[nH]n1,,,,,,,,,,,,1.0,,,,,,1.0,1.0,0.0,0.0,,,,,
O=C(CN1C=NS(=O)(=O)c2ccc(C(F)(F)F)cc21)Nc1cccc(C(F)(F)F)c1,,,0.0,,,,0.0,0.0,,,,0.0,,,0.0,0.0,,0.0,0.0,,0.0,0.0,,,,
Cc1noc(C)c1C(=O)N1CCC2(CCN(Cc3cc(C(F)(F)F)cc(C(F)(F)F)c3)CC2)CC1,0.0,,,,0.0,0.0,0.0,,,,,,,,,,,1.0,,,,,0.0,0.0,,0.0
CN(C(=O)C1=CC2=NC(c3ccco3)CC(C(F)(F)F)N2N1)c1ccc(OC(F)(F)F)cc1,0.0,0.0,0.0,0.0,1.0,,0.0,0.0,0.0,0.0,0.0,0.0,0.0,0.0,,0.0,0.0,0.0,,0.0,,,,,,0.0
Cc1ccc(NC(=O)c2c(C(F)(F)F)nn(C)c2SCc2cccc(C(F)(F)F)c2)cc1C,0.0,,0.0,,,0.0,0.0,0.0,,,,0.0,0.0,0.0,0.0,0.0,0.0,1.0,1.0,0.0,,,,,,
CS(=O)(=O)N1CCC2(CC1)CN(Cc1cc(C(F)(F)F)cc(C(F)(F)F)c1)C2,0.0,,,,0.0,0.0,0.0,,,,,,,,,,,0.0,0.0,,,,0.0,0.0,1.0,0.0
Cc1ccc(NNC(=O)C(O)(c2cccc(C(F)(F)F)c2)c2cccc(C(F)(F)F)c2)cc1,,1.0,0.0,,,,1.0,0.0,1.0,1.0,,,0.0,1.0,1.0,0.0,1.0,,1.0,0.0,,,,,,
COc1ccc(Oc2ccc3c(C(F)(F)F)cc(C(F)(F)F)nc3n2)cc1,0.0,0.0,0.0,0.0,0.0,0.0,0.0,0.0,0.0,0.0,0.0,0.0,0.0,0.0,0.0,0.0,0.0,0.0,0.0,0.0,,,,,,
FC(F)(F)c1ccc(Oc2ccc3c(C(F)(F)F)cc(C(F)(F)F)nc3n2)cc1,0.0,0.0,0.0,0.0,0.0,0.0,0.0,0.0,0.0,0.0,,0.0,0.0,0.0,0.0,0.0,0.0,0.0,0.0,0.0,,,,,,
CCOC(=O)c1cnn(-c2ccccc2)c1NC(=O)C(F)(F)C(F)(F)C(F)(F)F,,0.0,0.0,,0.0,0.0,0.0,0.0,,0.0,0.0,0.0,0.0,0.0,0.0,0.0,0.0,,,0.0,0.0,0.0,,,,
COc1ccc(NC(=O)N2CCCC3(CCN(C(=O)c4cc(C(F)(F)F)cc(C(F)(F)F)c4)CC3)C2)cc1,0.0,,,,0.0,0.0,0.0,,,,,,,,,,,0.0,0.0,,,,0.0,,0.0,
FC(F)(F)c1nc2ccc(SSc3ccc4nc(C(F)(F)F)[nH]c4c3)cc2[nH]1,1.0,,,,,,,,,,,,,,,,,,,,,,,0.0,0.0,0.0
O=C(c1ccncc1)N1C2C=CC(C2)C1(C(F)(F)F)C(F)(F)F,0.0,0.0,0.0,,0.0,0.0,,,,,,,,,,,,,,,,,,,,0.0
CCn1ncc(/C=N/NC(=O)C(F)(F)C(F)(F)C(F)(F)C(F)(F)C(F)(F)C(F)(F)F)c1C,0.0,0.0,0.0,0.0,1.0,1.0,0.0,0.0,0.0,0.0,0.0,0.0,0.0,0.0,0.0,0.0,0.0,,0.0,0.0,,,,,,
N#Cc1ccc(CN2CC3(CCN(C(=O)c4cc(C(F)(F)F)cc(C(F)(F)F)c4)CC3)C2)cc1,0.0,,,,,0.0,0.0,,,,,,,,,,,1.0,1.0,,,,0.0,0.0,,0.0
Cc1onc(-c2c(Cl)cccc2Cl)c1C(=O)ONC(=O)c1cc(C(F)(F)F)cc(C(F)(F)F)c1,0.0,0.0,0.0,0.0,0.0,0.0,,0.0,0.0,0.0,0.0,0.0,0.0,0.0,0.0,0.0,0.0,0.0,0.0,0.0,0.0,0.0,,,,
O=C(c1ccc(C(F)(F)F)cc1)N1CCC(=O)N(C(COCc2ccc(C(F)(F)F)cc2)Cc2ccccc2)CC1,0.0,0.0,0.0,0.0,0.0,0.0,1.0,0.0,,,,,0.0,,,,,1.0,,0.0,0.0,,,,,
CCOC(=O)NC(Nc1ccc(C)cn1)(C(F)(F)F)C(F)(F)F,0.0,0.0,0.0,0.0,0.0,0.0,,0.0,,0.0,0.0,0.0,0.0,0.0,0.0,0.0,0.0,0.0,0.0,0.0,,0.0,,,,0.0
N#CCCCSc1nnnn1-c1cc(C(F)(F)F)cc(C(F)(F)F)c1,0.0,,0.0,,0.0,0.0,,,,,0.0,,,,,,,,,,,,,,,
O=C(c1csnn1)N1CCC2(CCN(Cc3cc(C(F)(F)F)cc(C(F)(F)F)c3)CC2)CC1,0.0,,,,0.0,0.0,0.0,,,,,,,,,,,1.0,,,,,0.0,,1.0,0.0
FC(F)(F)c1cc(NC(=S)N2c3ccccc3-n3cccc3[C@H]2c2cccnc2)cc(C(F)(F)F)c1,,,,,,,,,,,,,,,,,,,,,,,0.0,,0.0,0.0
CC(C)(C)NCC[C@@H](O)c1cc(C(F)(F)F)nc2c(C(F)(F)F)cccc12,0.0,,,,,,,,,,,,,,,,,,,,,,0.0,0.0,1.0,0.0
Cn1nc(Oc2ncc(C(F)(F)F)cc2Cl)cc1C(F)(F)F,0.0,0.0,0.0,0.0,0.0,0.0,0.0,0.0,0.0,0.0,0.0,0.0,0.0,0.0,0.0,0.0,0.0,,,1.0,0.0,0.0,,,,
CS(=O)(=O)N1CCC2(CCCN(Cc3cc(C(F)(F)F)cc(C(F)(F)F)c3)C2)CC1,0.0,,,,0.0,0.0,,,,,,,,,,,,,,,,,,1.0,0.0,0.0
COc1ccccc1CN1CC[C@@]2(CCCN(C(=O)c3cc(C(F)(F)F)cc(C(F)(F)F)c3)C2)C1,,,,,0.0,0.0,0.0,,,,,,,,,,,,,,,,0.0,0.0,1.0,
FC(F)(F)c1cc(NC(=S)NC23CC4CC(CC(C4)C2)C3)cc(C(F)(F)F)c1,0.0,,0.0,,,0.0,,,,,,,,,,,,,,,,,,,,
FC(F)(F)c1cc(NC(=S)NC(c2ccccc2)c2ccccc2)cc(C(F)(F)F)c1,0.0,,,,,0.0,,,,,0.0,,,,,,,,,,,,,,,
C[C@H]1CN([C@@H](C)CO)C(=O)Cc2cc(NC(=O)CCC(F)(F)F)ccc2O[C@H]1CN(C)Cc1ccc(C(F)(F)F)cc1,,,,,,,,0.0,,,,,,,1.0,1.0,,,,0.0,0.0,,,,,
COc1ccc([C@H]2CC(=O)C=C(c3cc(C(F)(F)F)cc(C(F)(F)F)c3)C2)cc1,,,,,,,0.0,0.0,0.0,0.0,,0.0,0.0,0.0,0.0,0.0,0.0,,,0.0,0.0,0.0,,,,
O=C(O)c1cc(C(F)(F)F)nc2c(C(F)(F)F)cccc12,0.0,0.0,0.0,0.0,0.0,0.0,0.0,0.0,0.0,0.0,,0.0,0.0,0.0,0.0,0.0,0.0,0.0,0.0,0.0,0.0,0.0,,0.0,,
O=C(c1cc(C(F)(F)F)cc(C(F)(F)F)c1)N1CCC2(CC1)CN(Cc1ccccc1)C2,0.0,,,,0.0,0.0,0.0,,,,,,,,,,,,,,,,0.0,0.0,0.0,0.0
O=C(Nc1nnc2n1CCS2)c1cc(C(F)(F)F)cc(C(F)(F)F)c1,,,0.0,,,,0.0,0.0,,,,0.0,,,0.0,0.0,,1.0,1.0,,0.0,0.0,,,,
FC(F)(F)COc1nc(OCC(F)(F)F)nc(N2CCN(c3ccccc3)CC2)n1,0.0,0.0,0.0,0.0,,0.0,,0.0,0.0,1.0,0.0,0.0,0.0,,1.0,0.0,0.0,,0.0,0.0,,,,,,
Cc1noc(NS(=O)(=O)c2ccc(NC(=O)C(F)(F)C(F)(F)C(F)(F)F)cc2)c1C,,,,,,,,0.0,0.0,,0.0,0.0,0.0,0.0,0.0,0.0,0.0,0.0,0.0,0.0,0.0,0.0,,,,
COC(=O)c1cnc(NNC(=O)c2ccc(C(F)(F)F)cc2)nc1C(F)(F)F,,0.0,0.0,0.0,0.0,0.0,0.0,0.0,0.0,0.0,0.0,0.0,0.0,0.0,0.0,0.0,0.0,,0.0,0.0,0.0,0.0,,,,
CCOC(=O)N(C)c1ccc(C(O)(C(F)(F)F)C(F)(F)F)cc1,0.0,0.0,0.0,0.0,0.0,0.0,0.0,0.0,,0.0,,0.0,0.0,0.0,,0.0,0.0,,,0.0,,,,,,0.0
COc1cc(/C=C(/C#N)C(=O)Nc2cc(C(F)(F)F)ccc2Cl)ccc1OCC(=O)Nc1cccc(C(F)(F)F)c1,,,,,,,,0.0,0.0,,0.0,0.0,0.0,,0.0,0.0,0.0,1.0,1.0,0.0,0.0,0.0,,,,
COc1cc(/C=C(\C#N)C(=O)Nc2cc(C(F)(F)F)ccc2Cl)ccc1OCC(=O)Nc1cccc(C(F)(F)F)c1,0.0,0.0,0.0,0.0,0.0,0.0,0.0,0.0,0.0,0.0,0.0,0.0,0.0,1.0,,0.0,0.0,,1.0,0.0,0.0,0.0,,,,
C[C@H](CO)N1C[C@H](C)[C@@H](CN(C)C(=O)Nc2ccc(C(F)(F)F)cc2)Oc2c(NC(=O)CCC(F)(F)F)cccc2C1=O,,,,,,,,0.0,0.0,1.0,,,,0.0,,,0.0,,,0.0,0.0,0.0,,,,
O=C(c1cc(C(F)(F)F)cc(C(F)(F)F)c1)N1CCC2(CCN(Cc3ccncc3)CC2)CC1,0.0,,,,0.0,0.0,0.0,,,,,,,,,,,,,,,,1.0,,0.0,0.0
O=C1CC(C(F)(F)C(F)(F)C(F)(F)C(F)(F)F)=Nc2ccccc2N1,0.0,0.0,,0.0,0.0,0.0,0.0,0.0,0.0,,0.0,0.0,0.0,0.0,,0.0,0.0,,,0.0,0.0,0.0,,,,
O=C(Nc1ccc(OC(F)(F)C(F)F)c(NC(=O)c2cccc(F)c2)c1)c1cccc(F)c1,0.0,0.0,0.0,0.0,0.0,0.0,0.0,0.0,0.0,0.0,0.0,0.0,0.0,0.0,0.0,0.0,0.0,0.0,0.0,0.0,0.0,0.0,,,,
O=C(NC(Nc1nc2ccc([N+](=O)[O-])cc2s1)(C(F)(F)F)C(F)(F)F)c1cccnc1,,0.0,0.0,,1.0,,,0.0,1.0,,,1.0,1.0,0.0,,,1.0,1.0,1.0,0.0,,,,,,
COc1ccc(CCNC(=O)C2CC(c3cc(C(F)(F)F)cc(C(F)(F)F)c3)=NO2)cc1,,0.0,0.0,0.0,0.0,0.0,,0.0,0.0,0.0,,0.0,0.0,0.0,0.0,0.0,0.0,,,0.0,0.0,0.0,,,,
Cc1ccc(CNC(=O)C2CC(c3cc(C(F)(F)F)cc(C(F)(F)F)c3)=NO2)o1,,0.0,0.0,0.0,0.0,0.0,0.0,0.0,0.0,0.0,,0.0,0.0,1.0,,,,1.0,1.0,0.0,0.0,0.0,,,,
O=c1nc(C(F)(F)C(F)(F)C(F)(F)F)[nH]o1,,,,,,,,0.0,0.0,,0.0,0.0,0.0,0.0,0.0,0.0,0.0,0.0,0.0,0.0,0.0,0.0,,,,
O=C(c1ccncc1)N1CCC[C@@]2(CCN(Cc3cc(C(F)(F)F)cc(C(F)(F)F)c3)C2)C1,0.0,,,,0.0,0.0,0.0,,,,,,,,,,,,0.0,,,,0.0,1.0,,
CCC(C(=O)Nc1nccs1)(C(F)(F)F)C(F)(F)F,0.0,,0.0,,1.0,1.0,,0.0,,0.0,0.0,0.0,1.0,0.0,0.0,0.0,0.0,,0.0,0.0,,,,,,
O=C(Nc1cc(C(F)(F)F)ccc1Cl)c1cc2nc3c(c(C(F)(F)F)n2n1)CCCC3,0.0,0.0,0.0,0.0,0.0,0.0,0.0,0.0,0.0,,0.0,0.0,0.0,0.0,0.0,0.0,0.0,,,0.0,0.0,0.0,,,,
CN(C)P1(N(C)C)=NC(C(F)(F)F)=NC(C(F)(F)F)=N1,0.0,0.0,0.0,0.0,0.0,0.0,0.0,0.0,0.0,0.0,0.0,0.0,0.0,0.0,0.0,0.0,0.0,0.0,0.0,0.0,,,,,,0.0
COC(=O)C(O)(CC(=O)Nc1ccc(OC(F)(F)F)cc1)C(F)(F)F,0.0,0.0,0.0,,0.0,0.0,0.0,0.0,0.0,0.0,0.0,0.0,0.0,0.0,0.0,0.0,0.0,0.0,0.0,0.0,0.0,0.0,,,,0.0
O=C(Nc1cc(C(F)(F)F)ccc1Cl)c1cc2nc(-c3ccc4c(c3)OCO4)cc(C(F)(F)F)n2n1,,,0.0,,,,0.0,0.0,0.0,,0.0,0.0,,,0.0,,,0.0,0.0,,0.0,0.0,,,,
O=[S+]([O-])(c1c(F)cccc1F)N1CCN([S+](=O)([O-])c2c(F)c(F)c(F)c(F)c2F)CC1,,,,,,,,0.0,0.0,,,,,,,,,,,,,,,,,
O=C(CSc1nc(=O)c2c(C(F)(F)F)cc(-c3cccs3)nc2[nH]1)Nc1c(F)c(F)c(F)c(F)c1F,,0.0,0.0,,0.0,0.0,0.0,0.0,,,0.0,0.0,0.0,,,0.0,1.0,,,1.0,0.0,0.0,,,,
COC(=O)c1ccc(C23CC4(C2)[C@H](CN(Cc2ccc(C(F)(F)F)cc2)[C@@H]4c2ccccc2)C3c2ccc(C(F)(F)F)cc2)cc1,0.0,0.0,0.0,0.0,0.0,0.0,0.0,,,,,,,,,,,,,,,,,0.0,,
COCCn1c(-c2ccc(OC(F)(F)C(F)C(F)(F)F)cc2)nc2c1c(=O)[nH]c(=O)n2CC(C)C,,1.0,0.0,0.0,0.0,0.0,,0.0,1.0,,0.0,,0.0,,,0.0,0.0,,1.0,0.0,,0.0,,,,
O=C(CCl)NCCNC(=O)c1cc(OCC(F)(F)F)ccc1OCC(F)(F)F,,0.0,0.0,0.0,0.0,0.0,0.0,0.0,,0.0,,0.0,0.0,,,0.0,,,,0.0,1.0,1.0,,,,
CCOC(=O)NC(NCc1cccc(C(F)(F)F)c1)(C(F)(F)F)C(F)(F)F,0.0,0.0,0.0,0.0,0.0,0.0,0.0,0.0,0.0,,0.0,0.0,0.0,0.0,0.0,0.0,0.0,0.0,0.0,0.0,0.0,0.0,,,,
O=C(CCS(=O)(=O)c1ccc(Br)s1)Nc1cc(C(F)(F)F)cc(C(F)(F)F)c1,,,1.0,,,,0.0,0.0,1.0,,,,,,,,,1.0,1.0,,1.0,,,,,
O=C(NCCCNC(=O)C(F)(F)C(F)F)C(F)(F)C(F)F,0.0,0.0,0.0,0.0,0.0,0.0,0.0,0.0,0.0,,0.0,0.0,0.0,0.0,0.0,,0.0,0.0,0.0,0.0,0.0,0.0,,,,0.0
O=C(Cn1nnc(-c2cc(C(F)(F)F)cc(C(F)(F)F)c2)n1)NNC(=S)Nc1ccc(Cl)cc1,1.0,0.0,0.0,0.0,,,,,0.0,0.0,,,0.0,0.0,,0.0,0.0,,0.0,,,,,,,
COc1ccc(CCNC(=O)NC(C(F)(F)F)C(F)(F)F)cc1OC,0.0,0.0,0.0,0.0,0.0,0.0,,0.0,0.0,0.0,0.0,0.0,0.0,0.0,0.0,0.0,0.0,0.0,0.0,0.0,,0.0,,,,0.0
O=C(CNC(=O)c1ccc(Cl)c(C(F)(F)F)c1)OC(C(=O)Nc1cc(C(F)(F)F)ccc1Cl)c1ccccc1,,,,,,,,0.0,0.0,,,,,,,,,,,,,,,,,
CC(CC(=O)O)CC(=O)Nc1cc(C(F)(F)F)cc(C(F)(F)F)c1,0.0,0.0,0.0,0.0,0.0,0.0,0.0,0.0,0.0,0.0,0.0,0.0,0.0,0.0,0.0,0.0,0.0,0.0,0.0,0.0,0.0,0.0,,,,
NC(Cc1ccc(C(F)(F)F)cc1)c1csc(Nc2nccc(C(F)(F)F)n2)n1,,,,,,,,,,,,,,,,0.0,,,,0.0,0.0,0.0,,,,
CN(N)c1ccc2c(C(F)(F)F)cc(C(F)(F)F)nc2n1,0.0,0.0,0.0,0.0,0.0,0.0,0.0,,0.0,0.0,0.0,0.0,0.0,0.0,0.0,0.0,0.0,,,1.0,0.0,0.0,,,,
O=C(c1cc(C(F)(F)F)cc(C(F)(F)F)c1)N1CCC[C@@]2(CCN(Cc3ccccc3)C2)C1,0.0,,,,0.0,0.0,0.0,,,,,,,,,,,,,,,,0.0,1.0,1.0,
N#Cc1ccc(CN2CC[C@@]3(CCCN(C(=O)c4cc(C(F)(F)F)cc(C(F)(F)F)c4)C3)C2)cc1,0.0,,,,0.0,0.0,0.0,,,,,,,,,,,,,,,,0.0,1.0,0.0,
CC1(C)NC(=O)N(CC(=O)Nc2cc(C(F)(F)F)cc(C(F)(F)F)c2)C1=O,,,,,0.0,0.0,0.0,0.0,0.0,0.0,,0.0,0.0,0.0,,0.0,0.0,0.0,0.0,0.0,,,,,,
CCOC(=O)C(NC(=O)c1ccccc1Cl)(Nc1ccc(C(F)(F)F)cc1)C(F)(F)F,0.0,,0.0,0.0,0.0,0.0,0.0,0.0,0.0,0.0,,0.0,0.0,0.0,,0.0,0.0,,,0.0,0.0,0.0,,,,
COC(=O)c1cc(NC(=O)c2cc(-c3ccc(C(F)(F)F)cc3)oc2C(F)(F)F)ccc1N1CCOCC1,,0.0,0.0,0.0,0.0,0.0,,0.0,0.0,,1.0,,0.0,0.0,,0.0,0.0,1.0,,0.0,0.0,0.0,,,,
CCN1C(=O)[C@H]2[C@@H](c3ccc(Cl)cc3)N(C(=O)CNCc3ccccc3)[C@@](Cc3ccccc3)(C(=O)OCCCC(F)(F)C(F)(F)C(F)(F)C(F)(F)C(F)(F)C(F)(F)C(F)(F)C(F)(F)F)[C@H]2C1=O,,,,,0.0,0.0,0.0,0.0,0.0,0.0,,0.0,0.0,0.0,0.0,0.0,0.0,0.0,0.0,0.0,0.0,0.0,,,,
Cc1cc(C)nc(Sc2c(F)c(F)c(C(F)(F)F)c(F)c2F)n1,0.0,0.0,0.0,0.0,0.0,0.0,0.0,0.0,,0.0,0.0,0.0,0.0,0.0,0.0,0.0,0.0,0.0,0.0,0.0,,0.0,,,,0.0
Cc1nn(-c2ccccc2)c(N)c1C(O)(CC(=O)C(F)(F)F)C(F)(F)F,0.0,0.0,0.0,0.0,0.0,0.0,0.0,0.0,0.0,0.0,0.0,0.0,0.0,0.0,0.0,0.0,0.0,0.0,0.0,0.0,0.0,0.0,,,,
Cc1cc(NS(=O)(=O)c2ccc(NC(=O)NC(C)(C(F)(F)F)C(F)(F)F)cc2)no1,0.0,0.0,0.0,0.0,0.0,0.0,0.0,0.0,,0.0,0.0,0.0,0.0,0.0,0.0,0.0,0.0,0.0,0.0,0.0,,,,,,
O=C(c1csnn1)N1CCC[C@@]2(CCN(Cc3cc(C(F)(F)F)cc(C(F)(F)F)c3)C2)C1,,,,,0.0,0.0,0.0,,,,,,,,,,,,,,,,0.0,1.0,1.0,
O=C(N/N=C\c1ccc(F)cc1)c1cc(OCC(F)(F)F)ccc1OCC(F)(F)F,0.0,0.0,0.0,0.0,0.0,0.0,0.0,0.0,0.0,0.0,0.0,0.0,0.0,0.0,0.0,0.0,0.0,0.0,0.0,0.0,,,,,,
CON/C=C(\C=N\c1ccc(C(F)(F)F)cc1)c1ncc(C(F)(F)F)cc1Cl,0.0,0.0,0.0,0.0,0.0,0.0,0.0,0.0,0.0,0.0,0.0,0.0,0.0,0.0,0.0,0.0,0.0,0.0,0.0,0.0,,,,,,
Nc1c(C(O)(C(F)(F)F)C(F)(F)F)ccc2ccccc12,,0.0,0.0,0.0,0.0,0.0,0.0,0.0,,,,,0.0,,0.0,0.0,,,0.0,0.0,0.0,0.0,,,,0.0
CCOC(=O)c1c(N)sc(C(O)(C(F)(F)F)C(F)(F)F)c1-c1ccc(Cl)cc1,0.0,0.0,0.0,0.0,,,0.0,0.0,,0.0,,,0.0,1.0,0.0,0.0,,,,0.0,,,,,,
O=C(O)c1nnn(-c2cc(C(F)(F)F)cc(C(F)(F)F)c2)c1-c1ccccc1,,0.0,0.0,0.0,0.0,0.0,0.0,0.0,0.0,0.0,0.0,0.0,0.0,0.0,0.0,0.0,0.0,0.0,0.0,0.0,0.0,0.0,,,,
CCC(=O)NC(Nc1sc2c(c1C(=O)OC)CCN(C)C2)(C(F)(F)F)C(F)(F)F,,0.0,0.0,0.0,0.0,,0.0,0.0,0.0,0.0,0.0,0.0,0.0,0.0,0.0,,0.0,0.0,0.0,0.0,,,,,,
O=C(Nc1cccc(C(F)(F)F)c1)c1sc(Cl)nc1C(F)(F)F,,,,,0.0,0.0,0.0,0.0,0.0,,,0.0,0.0,1.0,,,0.0,1.0,1.0,0.0,,,,,,
FC(F)(F)C(F)(F)C(F)(F)c1nc2ccccc2[nH]1,,,,,,,,,,,,0.0,,,,,,0.0,0.0,,0.0,0.0,,,,
N/C(=N\NS(=O)(=O)c1cc(C(F)(F)F)cc(C(F)(F)F)c1)c1ccccn1,0.0,0.0,0.0,0.0,0.0,,0.0,0.0,,0.0,,0.0,0.0,0.0,0.0,0.0,0.0,0.0,0.0,0.0,0.0,0.0,,,,
CC(NC(=O)NCC1CCCO1)(C(F)(F)F)C(F)(F)F,0.0,0.0,0.0,0.0,0.0,0.0,0.0,0.0,0.0,0.0,,0.0,0.0,0.0,0.0,0.0,0.0,0.0,0.0,0.0,,0.0,,,,0.0
O=c1cc(C(F)(F)F)[nH]c2ccc(OC(F)(F)F)cc12,,0.0,0.0,0.0,,,,0.0,,,,,0.0,,,0.0,,1.0,1.0,0.0,,,,,,
O=c1cc(C(F)(F)F)[nH]c2c(OC(F)(F)F)cccc12,,0.0,0.0,0.0,,,,0.0,0.0,,,,,,,0.0,,,0.0,0.0,0.0,0.0,,,,
CN(Cc1cn(Cc2ccc(C(F)(F)F)cc2)nn1)C1CN(Cc2cn(Cc3ccc(C(F)(F)F)cc3)nn2)S(=O)(=O)C1,,,,,,,,,,,,,,,,,,1.0,1.0,0.0,,0.0,,,,
Cc1cc2c(s1)c1cnn(Cc3c(F)c(F)c(C(F)(F)F)c(F)c3F)c(=O)c1n2C,,,,,,,,0.0,0.0,,,,,,,,,,,,,,,,,
Cn1nc(C(F)(F)F)c(-c2cccc(C(F)(F)F)c2)c1NC(=O)c1cccnc1,,0.0,0.0,0.0,0.0,0.0,,0.0,0.0,0.0,,,0.0,0.0,,0.0,0.0,,0.0,0.0,,,,,,
CC1(C)CC(=O)C2=C(C1)N(CC1CCCO1)C(=O)NC2(C(F)(F)F)C(F)(F)F,0.0,0.0,0.0,0.0,0.0,0.0,0.0,0.0,0.0,0.0,0.0,0.0,0.0,0.0,0.0,0.0,0.0,0.0,0.0,0.0,0.0,0.0,,,,0.0
O=C(NNC(=O)c1cc(C(F)(F)F)cc(C(F)(F)F)c1)c1ccc(Cl)cc1,0.0,0.0,0.0,0.0,0.0,0.0,0.0,0.0,0.0,0.0,0.0,0.0,0.0,0.0,0.0,0.0,0.0,,0.0,0.0,0.0,0.0,,,,
CC1=CC(=O)C=C/C1=C1\C=C(C(=O)NCc2cc(C(F)(F)F)cc(C(F)(F)F)c2)NN1,,,,,,,,,,,,,,,,,,,1.0,0.0,0.0,0.0,,,,
O=C(O)/C=C/C(=O)Nc1ccccc1SC(F)(F)C(F)(F)C(F)(F)F,0.0,0.0,0.0,0.0,0.0,0.0,1.0,,0.0,0.0,0.0,0.0,,0.0,,,0.0,,,0.0,0.0,0.0,,,,
O=C1NC[C@H](Cc2ccc(O)cc2)N(CCc2cc(C(F)(F)F)cc(C(F)(F)F)c2)C1=O,,,,,,,,,,,,,,,0.0,0.0,0.0,0.0,0.0,0.0,0.0,0.0,,,,
O=C(N/N=C/c1cccc(C(F)(F)F)c1)C1CCN(c2ncc(C(F)(F)F)cc2Cl)CC1,0.0,0.0,0.0,0.0,0.0,0.0,0.0,0.0,0.0,0.0,0.0,0.0,0.0,0.0,0.0,0.0,0.0,1.0,,0.0,,,,,,
CCCOc1ccc(F)cc1-c1cc(C(=O)NCc2cc(C(F)(F)F)cc(C(F)(F)F)c2)[nH]n1,,,,,,,,,,,,0.0,,,0.0,0.0,,,,0.0,0.0,0.0,,,,
O=S(=O)(NCCNc1ncc(C(F)(F)F)cc1Cl)C(F)(F)F,0.0,0.0,0.0,,,,0.0,0.0,,0.0,,,,,,0.0,,,,0.0,0.0,0.0,,,,
N/C(=N\OC(=O)c1cccc(Cn2cc(C(F)(F)F)ccc2=O)c1)c1cccc(C(F)(F)F)c1,0.0,0.0,0.0,0.0,,0.0,,0.0,0.0,0.0,,0.0,0.0,,,,0.0,,,0.0,,,,,,
O=C(c1cnccn1)N1CCC2(CC1)CN(Cc1cc(C(F)(F)F)cc(C(F)(F)F)c1)C2,0.0,,,,0.0,0.0,0.0,,,,,,,,,,,0.0,0.0,,,,0.0,0.0,1.0,0.0
O=C(N1CCOCC1)C(F)(F)C(F)(F)C(F)(F)C(F)(F)C(=O)N1CCOCC1,0.0,0.0,0.0,0.0,0.0,0.0,,0.0,0.0,0.0,,0.0,0.0,0.0,0.0,0.0,0.0,0.0,0.0,0.0,,,,,,0.0
COCC(=O)N1CCC[C@@]2(CCN(Cc3cc(C(F)(F)F)cc(C(F)(F)F)c3)C2)C1,0.0,,,,0.0,0.0,0.0,,,,,,,,,,,,,,,,0.0,1.0,1.0,
CC1(Cc2ccccc2OC(F)(F)F)C(=O)Nc2ccc(OC(F)(F)F)cc21,,,,,,,,,,,,,,,,,,1.0,1.0,0.0,0.0,0.0,,,,
FC(F)(F)c1cc(CN2CCC3(CCNCC3)CC2)cc(C(F)(F)F)c1,0.0,,,,0.0,0.0,0.0,,,,,,,,,,,1.0,1.0,,,,0.0,,,0.0
CC(C)CN1CCC2(CC1)CCN(C(=O)c1cc(C(F)(F)F)cc(C(F)(F)F)c1)CC2,0.0,,,,0.0,0.0,0.0,,,,,,,,,,,0.0,0.0,,,,,0.0,0.0,
CC1(Cc2ccc(OC(F)(F)F)cc2)C(=O)Nc2ccc(OC(F)(F)F)cc21,,,,,,,,,,,,,,,,,,,,0.0,0.0,,,,,
FC(F)(F)COc1cc(-c2nnc(SCc3ccccc3)n2Cc2ccco2)cc(OCC(F)(F)F)n1,0.0,,0.0,0.0,0.0,,0.0,0.0,,1.0,,0.0,0.0,0.0,1.0,0.0,0.0,1.0,,0.0,,,,,,
Cc1nn(-c2ccccc2)c(N)c1C(O)(C(F)(F)F)C(F)(F)F,0.0,0.0,0.0,0.0,0.0,0.0,0.0,0.0,0.0,0.0,,0.0,0.0,0.0,0.0,0.0,0.0,0.0,0.0,0.0,0.0,0.0,,,,
Cn1c2c(c(=O)n(C)c1=O)C(C(F)(F)F)(C(F)(F)F)N=C(C1CCCCC1)N2,0.0,0.0,0.0,,0.0,0.0,0.0,0.0,,,,0.0,0.0,,0.0,0.0,0.0,1.0,1.0,0.0,,0.0,,,,
CC12C=C(C=Cc3ccc(C(F)(F)F)cc3)C(C)(C1)C(c1ccc(C(F)(F)F)cc1)CC2=O,,,,,,,,,,,0.0,,,,,,,,,,,,,,,
O=C(c1cc(C(F)(F)F)cc(C(F)(F)F)c1)N1CCC2(CC1)CN(c1ccccc1)C2,0.0,,,,0.0,0.0,0.0,,,,,,,,,,,1.0,,,,,0.0,0.0,0.0,0.0
O=c1cc(C(F)(F)F)[nH]c2ccc(C(F)(F)F)cc12,,0.0,0.0,0.0,,0.0,0.0,0.0,1.0,,,,,,,0.0,,1.0,1.0,0.0,0.0,,,,,
N#CC(c1ccc(Cl)cc1)c1ccc2c(C(F)(F)F)cc(C(F)(F)F)nc2n1,0.0,1.0,0.0,,,0.0,1.0,1.0,1.0,,1.0,1.0,,,1.0,1.0,1.0,1.0,1.0,0.0,,1.0,,,,
CC(=O)NC(C1C(=O)CC(C)(C)CC1=O)(C(F)(F)F)C(F)(F)F,0.0,0.0,0.0,0.0,0.0,0.0,0.0,0.0,0.0,0.0,0.0,0.0,0.0,,0.0,0.0,0.0,0.0,0.0,0.0,0.0,0.0,,,,0.0
N#CC1=C(N)N(c2ccccc2F)C2=C(CCCC2)C1(C(F)(F)F)C(F)(F)F,0.0,0.0,0.0,0.0,0.0,0.0,0.0,0.0,0.0,0.0,0.0,0.0,0.0,0.0,0.0,0.0,0.0,0.0,0.0,0.0,,,,,,
COC(=O)N1CCC[C@@]2(CCN(Cc3cc(C(F)(F)F)cc(C(F)(F)F)c3)C2)C1,0.0,,,,0.0,0.0,0.0,,,,,,,,,,,0.0,0.0,,,,0.0,0.0,0.0,0.0
COc1cccc(N/C(N)=N/c2nc(C(F)(F)F)cc(C(F)(F)F)n2)c1,0.0,0.0,0.0,0.0,0.0,0.0,,0.0,,,,0.0,0.0,0.0,,0.0,0.0,,,0.0,0.0,0.0,,,,
O=P(O)(O)C(O)C(F)(F)C(F)(F)C(F)(F)C(F)F,0.0,0.0,0.0,0.0,,0.0,,0.0,0.0,0.0,0.0,0.0,0.0,0.0,0.0,0.0,0.0,0.0,0.0,0.0,0.0,0.0,,,,1.0
CC(NC(=O)Nc1nccs1)(C(F)(F)F)C(F)(F)F,0.0,0.0,0.0,0.0,0.0,0.0,0.0,0.0,0.0,0.0,0.0,0.0,0.0,0.0,,0.0,0.0,0.0,0.0,0.0,0.0,0.0,,,,
FC(F)(F)c1cc(C(F)(F)F)c2ccc(N/N=C/c3ccccc3)nc2n1,0.0,0.0,0.0,0.0,0.0,0.0,0.0,0.0,,0.0,0.0,,0.0,0.0,0.0,0.0,0.0,0.0,0.0,0.0,,0.0,,,,
CS(=O)c1ccccc1-c1nc(-c2cc(C(F)(F)F)cc(C(F)(F)F)c2)no1,0.0,,0.0,0.0,0.0,0.0,0.0,0.0,0.0,0.0,0.0,0.0,0.0,0.0,0.0,0.0,0.0,1.0,1.0,0.0,0.0,0.0,,,,
CS(=O)(=O)c1ccccc1-c1nc(-c2cc(C(F)(F)F)cc(C(F)(F)F)c2)no1,0.0,0.0,0.0,0.0,0.0,0.0,0.0,0.0,0.0,0.0,0.0,0.0,0.0,0.0,0.0,0.0,0.0,0.0,,0.0,0.0,0.0,,,,
CN(C)CCNC(=O)c1cccn(Cc2cc(C(F)(F)F)cc(C(F)(F)F)c2)c1=O,,0.0,0.0,0.0,0.0,0.0,0.0,0.0,0.0,0.0,,0.0,0.0,,,0.0,0.0,0.0,0.0,0.0,0.0,0.0,,,,
Cc1cc2c(cc1C)NC(=O)CC(C(F)(F)C(F)(F)C(F)(F)F)=N2,0.0,0.0,0.0,0.0,0.0,0.0,0.0,0.0,0.0,,0.0,0.0,0.0,0.0,,0.0,0.0,0.0,0.0,0.0,,,,,,
O=C(OC(c1ccc(NS(=O)(=O)c2ccccc2)cc1)(C(F)(F)F)C(F)(F)F)c1ccccc1,0.0,1.0,0.0,0.0,,1.0,0.0,0.0,,0.0,,,,1.0,,,,,,0.0,,,,,,
N#Cc1cnc(=S)n(-c2cc(C(F)(F)F)cc(C(F)(F)F)c2)c1N,,,,,,,,,,,,0.0,,,0.0,,0.0,,,0.0,0.0,0.0,,,,
Cc1ccccc1C1=NC(C(F)(F)F)(C(F)(F)F)c2c(n(-c3ccc(F)cc3)c(=O)[nH]c2=O)N1,,0.0,0.0,0.0,0.0,0.0,0.0,0.0,,0.0,0.0,0.0,0.0,0.0,0.0,,0.0,1.0,1.0,0.0,0.0,0.0,,,,
CCC(NC(=O)NCCCn1ccnc1)(C(F)(F)F)C(F)(F)F,0.0,0.0,0.0,0.0,0.0,0.0,0.0,0.0,0.0,0.0,0.0,0.0,0.0,0.0,0.0,0.0,0.0,0.0,0.0,0.0,,0.0,,,,0.0
Cc1ccccc1NC(=O)CC(O)(C(F)(F)F)C(F)(F)F,0.0,0.0,0.0,0.0,0.0,0.0,0.0,0.0,0.0,0.0,0.0,,0.0,0.0,0.0,,0.0,,,0.0,,,,,,
CCCNc1nc(OCC(F)(F)F)nc(OCC(F)(F)F)n1,0.0,0.0,0.0,0.0,0.0,0.0,0.0,0.0,0.0,0.0,0.0,,0.0,0.0,0.0,0.0,0.0,0.0,0.0,0.0,0.0,0.0,,,,
O=C(c1cc(C(F)(F)F)cc(C(F)(F)F)c1)N1CCC2(CC1)CN(c1ccncc1)C2,0.0,,,,0.0,0.0,0.0,,,,,,,,,,,,,,,,1.0,0.0,0.0,
